"pFat_mean","pFat_stdev","pFat_median","pFat_errlo","pFat_errup","pLiver_mean","pLiver_stdev","pLiver_median","pLiver_errlo","pLiver_errup","pSlow_mean","pSlow_stdev","pSlow_median","pSlow_errlo","pSlow_errup","kMet_mean","kMet_stdev","kMet_median","kMet_errlo","kMet_errup","fAbs_mean","fAbs_stdev","fAbs_median","fAbs_errlo","fAbs_errup"
1.148739948670566235e+02,4.562714057873864704e+01,1.066076494905600214e+02,7.215482870473603327e+01,1.583329006906442373e+02,4.071288536452831295e+02,1.574996918818247025e+02,3.815160327431268570e+02,2.582937817075266480e+02,5.621528981127052020e+02,6.490760192474846235e+02,2.023723862564532681e+02,6.607431335172980198e+02,4.409633133817606563e+02,8.698899808420039790e+02,3.886966754972107196e+02,1.369533086042408740e+02,3.868120885016876969e+02,2.490637858592424436e+02,5.286445040835222926e+02,6.706592644077267185e-01,2.151954555992340590e-01,6.950361250797967294e-01,4.366461593556922316e-01,9.024387224360177484e-01
