"pFat_mean","pFat_stdev","pFat_median","pFat_errlo","pFat_errup","pLiver_mean","pLiver_stdev","pLiver_median","pLiver_errlo","pLiver_errup","pSlow_mean","pSlow_stdev","pSlow_median","pSlow_errlo","pSlow_errup","kMet_mean","kMet_stdev","kMet_median","kMet_errlo","kMet_errup","fAbs_mean","fAbs_stdev","fAbs_median","fAbs_errlo","fAbs_errup"
1.090660064507721643e+02,4.532976308134720256e+01,1.001006653093486847e+02,6.834370276282926682e+01,1.511717438200412857e+02,3.675501344842945173e+02,1.490576849641754222e+02,3.427111330196722179e+02,2.263727524796470334e+02,5.112912367080631384e+02,6.802741948799158536e+02,2.075524060400478845e+02,7.076207687183245980e+02,4.545176479559192444e+02,9.009870278897797107e+02,4.141386613422208711e+02,1.516316286342373871e+02,4.135498599017449237e+02,2.545678311261699207e+02,5.676625446856928647e+02,6.168498700826220427e-01,2.245624079562763553e-01,6.288132436434330508e-01,3.684737590011479824e-01,8.674868479720836412e-01
