{
    "niter": 5133,
    "logz": -12.632335676736437,
    "logzerr": 0.22292660671095896,
    "logz_bs": -12.657872058524445,
    "logz_single": -12.632335676736437,
    "logzerr_tail": 0.009940243795027115,
    "logzerr_bs": 0.22270487990378207,
    "ess": 2254.609633275595,
    "H": 5.095093933566789,
    "Herr": 0.06901232202903435,
    "posterior": {
        "mean": [
            114.87399486705662,
            407.12885364528313,
            649.0760192474846,
            388.6966754972107,
            0.6706592644077267
        ],
        "stdev": [
            45.62714057873865,
            157.4996918818247,
            202.37238625645327,
            136.95330860424087,
            0.21519545559923406
        ],
        "median": [
            106.60764949056002,
            381.51603274312686,
            660.743133517298,
            386.8120885016877,
            0.6950361250797967
        ],
        "errlo": [
            72.15482870473603,
            258.29378170752665,
            440.96331338176066,
            249.06378585924244,
            0.43664615935569223
        ],
        "errup": [
            158.33290069064424,
            562.1528981127052,
            869.889980842004,
            528.6445040835223,
            0.9024387224360177
        ],
        "information_gain_bits": [
            0.8396784888467872,
            -3.698485971264827,
            -4.448277578963064,
            -3.216622390125356,
            -4.3996245349873195
        ]
    },
    "maximum_likelihood": {
        "logl": -4.886800126826808,
        "point": [
            84.48155401372155,
            283.54766847004953,
            75.64652067080063,
            44.062947884072024,
            0.08962065316075285
        ],
        "point_untransformed": [
            0.07523389294315308,
            0.2828304989690186,
            0.07472124191271334,
            0.043106053938010036,
            0.08962065316075285
        ]
    },
    "ncall": 31913,
    "paramnames": [
        "pFat",
        "pLiver",
        "pSlow",
        "kMet",
        "fAbs"
    ],
    "logzerr_single": 0.1128615737703359,
    "insertion_order_MWW_test": {
        "independent_iterations": Infinity,
        "converged": true
    }
}