{
    "niter": 5090,
    "logz": -10.386181221117438,
    "logzerr": 0.19077984431528885,
    "logz_bs": -10.37416164210337,
    "logz_single": -10.386181221117438,
    "logzerr_tail": 0.00994081303192118,
    "logzerr_bs": 0.19052067927978378,
    "ess": 2194.4714146639085,
    "H": 5.040366366787465,
    "Herr": 0.06572082942403012,
    "posterior": {
        "mean": [
            125.31878701965977,
            360.1946258960345,
            686.1357080324699,
            418.2703497480505,
            0.6395439584483702
        ],
        "stdev": [
            53.00747784333514,
            148.04786036620436,
            199.4224099301739,
            145.42376051845082,
            0.2163354980962792
        ],
        "median": [
            114.60439272938976,
            332.2910889042319,
            704.1596851681678,
            417.34315346354924,
            0.6550860328940421
        ],
        "errlo": [
            76.82415187650233,
            221.865833139539,
            468.1244888632429,
            270.4999683945567,
            0.3952442330533651
        ],
        "errup": [
            171.89707820938435,
            497.7175723171149,
            902.598172406097,
            562.6742559018957,
            0.8797043474922561
        ],
        "information_gain_bits": [
            0.3421922936410108,
            -3.557519261183217,
            -4.061679717495886,
            -3.5551245176092254,
            -4.392725815784433
        ]
    },
    "maximum_likelihood": {
        "logl": -2.9864176973992307,
        "point": [
            94.20530507265563,
            239.12653733011442,
            255.5997201130854,
            135.86792312591513,
            0.24321551897584975
        ],
        "point_untransformed": [
            0.08505586370975317,
            0.23836490223234677,
            0.25485457468777317,
            0.1350029260519671,
            0.24321551897584975
        ]
    },
    "ncall": 31558,
    "paramnames": [
        "pFat",
        "pLiver",
        "pSlow",
        "kMet",
        "fAbs"
    ],
    "logzerr_single": 0.1122538013475208,
    "insertion_order_MWW_test": {
        "independent_iterations": Infinity,
        "converged": true
    }
}