{
    "niter": 5161,
    "logz": -12.450657188376901,
    "logzerr": 0.1561678785832263,
    "logz_bs": -12.453806647152323,
    "logz_single": -12.450657188376901,
    "logzerr_tail": 0.009940956946588031,
    "logzerr_bs": 0.15585115872579003,
    "ess": 2262.3133394397305,
    "H": 5.114442120286991,
    "Herr": 0.07228619656274705,
    "posterior": {
        "mean": [
            109.06600645077216,
            367.5501344842945,
            680.2741948799159,
            414.13866134222087,
            0.616849870082622
        ],
        "stdev": [
            45.3297630813472,
            149.05768496417542,
            207.55240604004788,
            151.6316286342374,
            0.22456240795627636
        ],
        "median": [
            100.10066530934868,
            342.7111330196722,
            707.6207687183246,
            413.5498599017449,
            0.628813243643433
        ],
        "errlo": [
            68.34370276282927,
            226.37275247964703,
            454.51764795591924,
            254.56783112616992,
            0.368473759001148
        ],
        "errup": [
            151.17174382004129,
            511.29123670806314,
            900.9870278897797,
            567.6625446856929,
            0.8674868479720836
        ],
        "information_gain_bits": [
            0.9130774927663654,
            -3.544441092640056,
            -4.311339904739397,
            -3.7807083825080587,
            -4.5963986305754805
        ]
    },
    "maximum_likelihood": {
        "logl": -4.242331493470575,
        "point": [
            79.97626500387918,
            278.37152787278455,
            29.39465782825213,
            21.000439918899875,
            0.03757737798096972
        ],
        "point_untransformed": [
            0.07068309596351433,
            0.2776491770498344,
            0.02842308090916129,
            0.020020460379279154,
            0.03757737798096972
        ]
    },
    "ncall": 29039,
    "paramnames": [
        "pFat",
        "pLiver",
        "pSlow",
        "kMet",
        "fAbs"
    ],
    "logzerr_single": 0.11307566184072272,
    "insertion_order_MWW_test": {
        "independent_iterations": Infinity,
        "converged": true
    }
}