"pFat_mean","pFat_stdev","pFat_median","pFat_errlo","pFat_errup","pLiver_mean","pLiver_stdev","pLiver_median","pLiver_errlo","pLiver_errup","pSlow_mean","pSlow_stdev","pSlow_median","pSlow_errlo","pSlow_errup","kMet_mean","kMet_stdev","kMet_median","kMet_errlo","kMet_errup","fAbs_mean","fAbs_stdev","fAbs_median","fAbs_errlo","fAbs_errup"
4.680523048465139482e+02,1.609866893783195962e+02,4.461185536534662788e+02,3.114920556465318668e+02,6.335658708690358480e+02,4.786257624933200105e+01,2.025522196792810092e+01,4.455741332961384416e+01,2.929916945685187457e+01,6.640718992759462935e+01,1.035932844898648284e+02,5.830205014180449297e+01,9.461966143271826013e+01,4.597929497955418299e+01,1.601321707342999900e+02,2.089233282983252025e+02,7.431118783407526962e+01,1.989043453168127940e+02,1.373612613252389849e+02,2.818308957504260661e+02,8.118970340589550805e-01,1.492163378011488462e-01,8.475198621883259786e-01,6.531098501913146226e-01,9.583879126755567857e-01
