{
    "niter": 7080,
    "logz": -21.2661105768784,
    "logzerr": 0.16375658384984076,
    "logz_bs": -21.28390572548064,
    "logz_single": -21.2661105768784,
    "logzerr_tail": 0.009932196677450378,
    "logzerr_bs": 0.1634551015518646,
    "ess": 2664.471140836619,
    "H": 9.387552568805459,
    "Herr": 0.10081506926094352,
    "posterior": {
        "mean": [
            332.6924714407467,
            32.2998887017023,
            69.587002271292,
            143.96032139194935,
            0.7927676275604222
        ],
        "stdev": [
            128.5336274457754,
            14.976226018505457,
            46.63885936110381,
            58.38879528550088,
            0.15946626529611238
        ],
        "median": [
            312.2730880383983,
            29.343789230022434,
            60.46747018746347,
            136.17198872181166,
            0.8269288797565973
        ],
        "errlo": [
            209.73941517255284,
            18.635022744857054,
            24.499802081517522,
            87.74376584205292,
            0.6226164541926223
        ],
        "errup": [
            450.69687318723663,
            45.87666658310351,
            115.47481190515498,
            199.11658749346114,
            0.95261765186715
        ],
        "information_gain_bits": [
            -3.2140800466803596,
            3.003763346985529,
            1.2037840746712039,
            0.30163330561158164,
            -2.6700896228715982
        ]
    },
    "maximum_likelihood": {
        "logl": -8.972364948909016,
        "point": [
            205.5890637906569,
            17.602184234273548,
            45.02963769852544,
            108.18916548433631,
            0.9667964334542601
        ],
        "point_untransformed": [
            0.19756471089965344,
            0.016618803037310857,
            0.04407371140993538,
            0.1072964619462826,
            0.9667964334542601
        ]
    },
    "ncall": 29513,
    "paramnames": [
        "pFat",
        "pLiver",
        "pSlow",
        "kMet",
        "fAbs"
    ],
    "logzerr_single": 0.1531955659345715,
    "insertion_order_MWW_test": {
        "independent_iterations": Infinity,
        "converged": true
    }
}