{
    "niter": 6374,
    "logz": -26.10553272742561,
    "logzerr": 0.19424151169988899,
    "logz_bs": -26.117793335289875,
    "logz_single": -26.10553272742561,
    "logzerr_tail": 0.009952478259254605,
    "logzerr_bs": 0.1939863733460605,
    "ess": 2519.571347240163,
    "H": 7.811252195979108,
    "Herr": 0.0926049804529219,
    "posterior": {
        "mean": [
            459.22881489138996,
            43.57752724694886,
            109.28141851132129,
            218.3505850578779,
            0.7980528902152958
        ],
        "stdev": [
            155.34692145458607,
            18.143439090979008,
            61.88742964375576,
            78.43621679892354,
            0.15651134240615128
        ],
        "median": [
            435.89556863195185,
            40.342738827365054,
            100.46395332884049,
            209.79159754978022,
            0.83258976823124
        ],
        "errlo": [
            309.3058954599488,
            26.673099699679014,
            50.4972742870745,
            141.83073068733083,
            0.6333559761126368
        ],
        "errup": [
            617.5149312078546,
            60.04623325948939,
            168.06916749491853,
            296.8863605110114,
            0.9544394941484688
        ],
        "information_gain_bits": [
            -3.4905796764714196,
            2.7559317847073324,
            0.37871434470817167,
            -0.6689404946103314,
            -2.76791689432982
        ]
    },
    "maximum_likelihood": {
        "logl": -15.577911665308687,
        "point": [
            348.19915746572076,
            28.89542594256651,
            98.05478020921223,
            203.60494300044715,
            0.9878151988860935
        ],
        "point_untransformed": [
            0.3416153105714351,
            0.02792334929185837,
            0.09715193214135358,
            0.20280775075119836,
            0.9878151988860935
        ]
    },
    "ncall": 26562,
    "paramnames": [
        "pFat",
        "pLiver",
        "pSlow",
        "kMet",
        "fAbs"
    ],
    "logzerr_single": 0.13974308744960437,
    "insertion_order_MWW_test": {
        "independent_iterations": Infinity,
        "converged": true
    }
}