{
    "niter": 6525,
    "logz": -27.554292966986218,
    "logzerr": 0.18065608714639753,
    "logz_bs": -27.57512561049544,
    "logz_single": -27.554292966986218,
    "logzerr_tail": 0.00994568412714969,
    "logzerr_bs": 0.18038210884200723,
    "ess": 2584.6184053139646,
    "H": 8.115638138037266,
    "Herr": 0.10871743316920546,
    "posterior": {
        "mean": [
            468.05230484651395,
            47.862576249332,
            103.59328448986483,
            208.9233282983252,
            0.8118970340589551
        ],
        "stdev": [
            160.9866893783196,
            20.2552219679281,
            58.30205014180449,
            74.31118783407527,
            0.14921633780114885
        ],
        "median": [
            446.1185536534663,
            44.557413329613844,
            94.61966143271826,
            198.9043453168128,
            0.847519862188326
        ],
        "errlo": [
            311.49205564653187,
            29.299169456851875,
            45.97929497955418,
            137.36126132523898,
            0.6531098501913146
        ],
        "errup": [
            633.5658708690358,
            66.40718992759463,
            160.1321707343,
            281.83089575042607,
            0.9583879126755568
        ],
        "information_gain_bits": [
            -3.755754350893471,
            2.605683220833065,
            0.5422655589531009,
            -0.433990612689065,
            -2.416374702503057
        ]
    },
    "maximum_likelihood": {
        "logl": -16.65091939479983,
        "point": [
            329.20365565296146,
            31.450800736515884,
            77.70742259707686,
            174.3269882006312,
            0.973034248223551
        ],
        "point_untransformed": [
            0.3224279350029914,
            0.03048128201853442,
            0.07678420680388073,
            0.17350048868932053,
            0.973034248223551
        ]
    },
    "ncall": 27692,
    "paramnames": [
        "pFat",
        "pLiver",
        "pSlow",
        "kMet",
        "fAbs"
    ],
    "logzerr_single": 0.1424397955105706,
    "insertion_order_MWW_test": {
        "independent_iterations": Infinity,
        "converged": true
    }
}