{
    "niter": 4942,
    "logz": -14.273031985765833,
    "logzerr": 0.1006663398427757,
    "logz_bs": -14.271301867058662,
    "logz_single": -14.273031985765833,
    "logzerr_tail": 0.009944402302243915,
    "logzerr_bs": 0.10017395290289954,
    "ess": 2573.0162304227456,
    "H": 4.180428541339376,
    "Herr": 0.05652810430497437,
    "posterior": {
        "mean": [
            343.3485294906673,
            405.18674371177264,
            232.397050433907,
            361.25059850517306,
            0.7368761770789166
        ],
        "stdev": [
            136.2393197312043,
            159.9443511357693,
            137.90866434843429,
            137.64958885755425,
            0.19236566881141987
        ],
        "median": [
            320.5083719196763,
            377.8918224326786,
            208.17438359942975,
            351.3662138014296,
            0.7733465439572118
        ],
        "errlo": [
            213.8010254482816,
            255.0995729901268,
            101.54447418850687,
            224.7510597492638,
            0.5243044948722977
        ],
        "errup": [
            468.64686474144963,
            568.0381954545359,
            364.38221614211005,
            496.28086732524065,
            0.9374137861211727
        ],
        "information_gain_bits": [
            -3.3627350136665366,
            -3.7634999370163356,
            -3.2396493966129922,
            -3.45351443048861,
            -3.738440240483734
        ]
    },
    "maximum_likelihood": {
        "logl": -7.380966136171674,
        "point": [
            226.06508749464123,
            250.27787242866935,
            106.13197491524193,
            213.83735945164872,
            0.60954160427045
        ],
        "point_untransformed": [
            0.21824756312590024,
            0.24952739982849786,
            0.10523721212736929,
            0.21305040986151022,
            0.60954160427045
        ]
    },
    "ncall": 20336,
    "paramnames": [
        "pFat",
        "pLiver",
        "pSlow",
        "kMet",
        "fAbs"
    ],
    "logzerr_single": 0.10223048152751918,
    "insertion_order_MWW_test": {
        "independent_iterations": Infinity,
        "converged": true
    }
}