{
    "niter": 8106,
    "logz": -26.14724496796559,
    "logzerr": 0.30608723454001663,
    "logz_bs": -26.116713942529845,
    "logz_single": -26.14724496796559,
    "logzerr_tail": 0.009937900318458759,
    "logzerr_bs": 0.30592586240070574,
    "ess": 2776.172886025768,
    "H": 11.61486331535761,
    "Herr": 0.11575782847384229,
    "posterior": {
        "mean": [
            343.27420622876673,
            23.2194159891869,
            7.712448149932242,
            17.993297505179132,
            0.9025432955289738
        ],
        "stdev": [
            99.02076888967979,
            9.129573233951747,
            7.193217387939873,
            4.701881427164743,
            0.0842604606497589
        ],
        "median": [
            334.26960910124393,
            21.592096634651092,
            5.536578975373551,
            17.60798434556522,
            0.9243160882513908
        ],
        "errlo": [
            241.78213088027047,
            14.740398719107226,
            2.0915469697460156,
            13.288981739072973,
            0.8257969754328532
        ],
        "errup": [
            450.27562163160053,
            31.685237856431076,
            13.179646299893003,
            22.634281258242535,
            0.9794355683438611
        ],
        "information_gain_bits": [
            -3.481608219087014,
            3.502801692938431,
            -0.45577744321329783,
            3.8784546003588987,
            -0.33852698443435436
        ]
    },
    "maximum_likelihood": {
        "logl": -11.144188162074457,
        "point": [
            266.6182734758049,
            18.2364300026979,
            1.0761847261561477,
            15.109233142836233,
            0.9988829813593787
        ],
        "point_untransformed": [
            0.4349462262301778,
            0.017253683686384285,
            0.0007695426884459355,
            0.01412335649933557,
            0.9988829813593787
        ]
    },
    "ncall": 30225,
    "paramnames": [
        "pFat",
        "pLiver",
        "pSlow",
        "kMet",
        "fAbs"
    ],
    "logzerr_single": 0.17040292922480535,
    "insertion_order_MWW_test": {
        "independent_iterations": Infinity,
        "converged": true
    }
}