{
    "niter": 7618,
    "logz": -36.05233233945742,
    "logzerr": 0.24824600666229543,
    "logz_bs": -36.05338320154228,
    "logz_single": -36.05233233945742,
    "logzerr_tail": 0.009941579323218264,
    "logzerr_bs": 0.24804686013803234,
    "ess": 2949.0093331667094,
    "H": 10.186690132952005,
    "Herr": 0.09893012238734834,
    "posterior": {
        "mean": [
            263.02709324809973,
            63.62347130293433,
            9.599045477156992,
            16.860058957772853,
            0.8777677202891809
        ],
        "stdev": [
            91.57871884239144,
            26.101406773166236,
            9.689069433390047,
            5.254848004023829,
            0.1036932954816618
        ],
        "median": [
            250.06019318375147,
            58.25121876097472,
            6.600405470632856,
            16.1724544544171,
            0.9056885083375193
        ],
        "errlo": [
            172.0126755211641,
            39.726679817038146,
            2.3754430222141956,
            11.888954060001907,
            0.7778710265982056
        ],
        "errup": [
            356.34700685553406,
            88.21377677224136,
            16.537065769138458,
            21.930356183442644,
            0.9749039282705703
        ],
        "information_gain_bits": [
            -3.692349819907382,
            2.2254129727900547,
            -1.8160435373396513,
            3.872206725130282,
            -1.0959661275474841
        ]
    },
    "maximum_likelihood": {
        "logl": -22.29448472161924,
        "point": [
            186.86517173864803,
            37.74283822962545,
            1.4224194125018021,
            13.646581047032694,
            0.9934896758950793
        ],
        "point_untransformed": [
            0.29977147752313227,
            0.03677961784747292,
            0.004266862752543455,
            0.012659240287320014,
            0.9934896758950793
        ]
    },
    "ncall": 28001,
    "paramnames": [
        "pFat",
        "pLiver",
        "pSlow",
        "kMet",
        "fAbs"
    ],
    "logzerr_single": 0.15958297319068854,
    "insertion_order_MWW_test": {
        "independent_iterations": Infinity,
        "converged": true
    }
}