"pFat_mean","pFat_stdev","pFat_median","pFat_errlo","pFat_errup","pLiver_mean","pLiver_stdev","pLiver_median","pLiver_errlo","pLiver_errup","pSlow_mean","pSlow_stdev","pSlow_median","pSlow_errlo","pSlow_errup","kMet_mean","kMet_stdev","kMet_median","kMet_errlo","kMet_errup","fAbs_mean","fAbs_stdev","fAbs_median","fAbs_errlo","fAbs_errup"
2.432972516306085708e+02,1.147376319542207739e+02,2.213939139227624935e+02,1.381060020888263864e+02,3.454893524403715901e+02,4.600885811577015971e+01,2.407169539365995803e+01,4.086144679107492550e+01,2.506268472812308445e+01,6.677114197502130821e+01,6.165827942369941894e+01,4.641188069204248734e+01,5.048425987060771547e+01,2.039568377377678843e+01,1.030667514826835856e+02,9.325022389067814288e+01,4.436971578837679431e+01,8.468352911951492956e+01,5.274718583679845807e+01,1.346420112154941933e+02,7.793427593220451088e-01,1.694112383215111706e-01,8.140530878425532579e-01,5.965145357409677995e-01,9.528512072472032912e-01
