{
    "niter": 6556,
    "logz": -31.553895485269802,
    "logzerr": 0.21542078773763812,
    "logz_bs": -31.54915865227701,
    "logz_single": -31.553895485269802,
    "logzerr_tail": 0.009946059188568057,
    "logzerr_bs": 0.215191058587763,
    "ess": 2670.9002463074025,
    "H": 8.087490903462097,
    "Herr": 0.09958274233345381,
    "posterior": {
        "mean": [
            361.0029965283421,
            78.73752929454993,
            84.07770940244541,
            119.06034073814429,
            0.7927138811483293
        ],
        "stdev": [
            141.21854028436852,
            33.917326940051694,
            53.64413230588236,
            42.79449916517604,
            0.15929616976858157
        ],
        "median": [
            334.39447015309577,
            72.86134150423638,
            74.00779671024142,
            113.56607414388883,
            0.828782501651848
        ],
        "errlo": [
            227.04868254839684,
            48.59698853553858,
            34.2095264457007,
            76.82849131573099,
            0.6192630180488996
        ],
        "errup": [
            498.50199297917044,
            108.41960599942551,
            132.68523949435476,
            160.9252689175337,
            0.9522330219154561
        ],
        "information_gain_bits": [
            -3.4974887398385492,
            1.6141134830380495,
            0.5049879899727212,
            1.215701998768401,
            -2.719748699268987
        ]
    },
    "maximum_likelihood": {
        "logl": -20.564430351116425,
        "point": [
            237.23362559557046,
            45.59593547022355,
            57.71173000899086,
            100.9361816475468,
            0.9590105426622592
        ],
        "point_untransformed": [
            0.22952891474300047,
            0.04464057604626982,
            0.05676849850749836,
            0.10003621786541221,
            0.9590105426622592
        ]
    },
    "ncall": 25846,
    "paramnames": [
        "pFat",
        "pLiver",
        "pSlow",
        "kMet",
        "fAbs"
    ],
    "logzerr_single": 0.1421925710389092,
    "insertion_order_MWW_test": {
        "independent_iterations": Infinity,
        "converged": true
    }
}