{
    "niter": 6320,
    "logz": -24.29681002041509,
    "logzerr": 0.22593286301511945,
    "logz_bs": -24.306675541445028,
    "logz_single": -24.29681002041509,
    "logzerr_tail": 0.009936875002907186,
    "logzerr_bs": 0.22571423771083943,
    "ess": 2667.7611615810565,
    "H": 7.5336363983792225,
    "Herr": 0.09066988904588956,
    "posterior": {
        "mean": [
            366.60375057992576,
            72.85219635278995,
            85.33521108209176,
            147.4934642791452,
            0.7821897166412495
        ],
        "stdev": [
            144.67829559644215,
            30.89479040526947,
            57.790742883004754,
            53.203335551741354,
            0.1619813870877875
        ],
        "median": [
            339.051444800692,
            66.99485966674936,
            74.32304865535266,
            142.117356417968,
            0.8186550404135492
        ],
        "errlo": [
            232.31761902148054,
            44.9520693961497,
            31.788581891195207,
            96.28536957767056,
            0.6002884008999376
        ],
        "errup": [
            501.72909164314945,
            101.52639935156934,
            138.39135113371069,
            197.46670936950358,
            0.9472868233174974
        ],
        "information_gain_bits": [
            -3.468801156062488,
            1.8731244610198983,
            0.4930929544230405,
            0.7344461482951512,
            -2.6872595291890025
        ]
    },
    "maximum_likelihood": {
        "logl": -13.9338042223754,
        "point": [
            238.53557858684914,
            41.131513217220736,
            52.7665360242708,
            122.31195773288755,
            0.9437498386011369
        ],
        "point_untransformed": [
            0.2308440187745951,
            0.04017168490212286,
            0.05181835437864945,
            0.12143339112401157,
            0.9437498386011369
        ]
    },
    "ncall": 24406,
    "paramnames": [
        "pFat",
        "pLiver",
        "pSlow",
        "kMet",
        "fAbs"
    ],
    "logzerr_single": 0.1372373527722976,
    "insertion_order_MWW_test": {
        "independent_iterations": Infinity,
        "converged": true
    }
}