{
    "niter": 7170,
    "logz": -22.132794070365374,
    "logzerr": 0.17794380625928582,
    "logz_bs": -22.11537120397806,
    "logz_single": -22.132794070365374,
    "logzerr_tail": 0.009937600862862439,
    "logzerr_bs": 0.17766609770896835,
    "ess": 2932.6584981362344,
    "H": 9.194170002786214,
    "Herr": 0.09555489306656373,
    "posterior": {
        "mean": [
            243.29725163060857,
            46.00885811577016,
            61.65827942369942,
            93.25022389067814,
            0.7793427593220451
        ],
        "stdev": [
            114.73763195422077,
            24.071695393659958,
            46.41188069204249,
            44.369715788376794,
            0.16941123832151117
        ],
        "median": [
            221.3939139227625,
            40.861446791074925,
            50.484259870607715,
            84.68352911951493,
            0.8140530878425533
        ],
        "errlo": [
            138.1060020888264,
            25.062684728123084,
            20.39568377377679,
            52.74718583679846,
            0.5965145357409678
        ],
        "errup": [
            345.4893524403716,
            66.77114197502131,
            103.06675148268359,
            134.6420112154942,
            0.9528512072472033
        ],
        "information_gain_bits": [
            -2.722713023120389,
            2.3216431638823956,
            1.0923566144862193,
            1.1115319970256556,
            -3.09097628254393
        ]
    },
    "maximum_likelihood": {
        "logl": -9.61741036553526,
        "point": [
            123.31283939912888,
            20.716554994921232,
            27.722023067011612,
            55.730093305304834,
            0.8837456727444367
        ],
        "point_untransformed": [
            0.11445741353447361,
            0.01973629128620744,
            0.026748771838850462,
            0.054784878183488324,
            0.8837456727444367
        ]
    },
    "ncall": 30786,
    "paramnames": [
        "pFat",
        "pLiver",
        "pSlow",
        "kMet",
        "fAbs"
    ],
    "logzerr_single": 0.1516094489369496,
    "insertion_order_MWW_test": {
        "independent_iterations": Infinity,
        "converged": true
    }
}