{
    "niter": 8429,
    "logz": -22.768298352797256,
    "logzerr": 0.24196810709037944,
    "logz_bs": -22.7610777818454,
    "logz_single": -22.768298352797256,
    "logzerr_tail": 0.009931500115456515,
    "logzerr_bs": 0.24176420362485018,
    "ess": 2862.414370312666,
    "H": 12.444174277020032,
    "Herr": 0.10565864242900674,
    "posterior": {
        "mean": [
            439.7699211864739,
            23.622405369941564,
            18.113314937713607,
            24.864626592358825,
            0.858933839408535
        ],
        "stdev": [
            148.5868098564828,
            9.624169813285862,
            16.55698929168403,
            7.750890932813501,
            0.11607752192347134
        ],
        "median": [
            418.3304661378733,
            21.922848410644274,
            13.52601750507132,
            23.76020102270802,
            0.8889198067365659
        ],
        "errlo": [
            295.8249653195797,
            14.86236810889193,
            4.470658352934128,
            17.393443918921953,
            0.7410213535652599
        ],
        "errup": [
            585.767742667518,
            32.226023806146415,
            31.717510961528507,
            32.55056228025274,
            0.9708194528382094
        ],
        "information_gain_bits": [
            -3.489935407777342,
            3.4446525449354373,
            2.9859612249768337,
            3.6423608468971858,
            -1.2755271372880033
        ]
    },
    "maximum_likelihood": {
        "logl": -7.055295185154333,
        "point": [
            344.3992387333577,
            15.77702717494682,
            1.1898829097767791,
            18.618887159204675,
            0.9541413751392622
        ],
        "point_untransformed": [
            0.33777700882157347,
            0.014791818993940761,
            0.00019007298275953858,
            0.017636523682887564,
            0.9541413751392622
        ]
    },
    "ncall": 31521,
    "paramnames": [
        "pFat",
        "pLiver",
        "pSlow",
        "kMet",
        "fAbs"
    ],
    "logzerr_single": 0.17638150609559405,
    "insertion_order_MWW_test": {
        "independent_iterations": Infinity,
        "converged": true
    }
}