{
    "niter": 7003,
    "logz": -17.266632960872517,
    "logzerr": 0.24462862990705309,
    "logz_bs": -17.24475416348944,
    "logz_single": -17.266632960872517,
    "logzerr_tail": 0.00994927562739889,
    "logzerr_bs": 0.24442622298904837,
    "ess": 2562.2812682912163,
    "H": 9.313490021207528,
    "Herr": 0.11040997103291476,
    "posterior": {
        "mean": [
            556.9453958851777,
            100.87819056640402,
            39.54177800819383,
            54.732830905637,
            0.8295674156327453
        ],
        "stdev": [
            172.69088164896786,
            41.57243001020504,
            32.0078154548276,
            17.419959580370957,
            0.1314052636476211
        ],
        "median": [
            540.457114980867,
            92.87958140020363,
            32.00394417829515,
            53.14459442219546,
            0.8634417530766991
        ],
        "errlo": [
            381.70936708594195,
            62.44278724218563,
            10.649184628608133,
            37.38225876719349,
            0.684474655829251
        ],
        "errup": [
            739.8853695281821,
            136.81830601655827,
            67.96928195382516,
            71.20740191642132,
            0.9620654954059258
        ],
        "information_gain_bits": [
            -3.616015401754538,
            1.279484271035387,
            2.016500310417014,
            2.8958139938380714,
            -1.670294167249469
        ]
    },
    "maximum_likelihood": {
        "logl": -5.23489048832368,
        "point": [
            408.997261793662,
            68.9417766792776,
            2.5479926701456335,
            30.665621905757916,
            0.678442939966135
        ],
        "point_untransformed": [
            0.40302753716531514,
            0.06800978646574334,
            0.0015495422123579915,
            0.029695317222980896,
            0.678442939966135
        ]
    },
    "ncall": 26628,
    "paramnames": [
        "pFat",
        "pLiver",
        "pSlow",
        "kMet",
        "fAbs"
    ],
    "logzerr_single": 0.15259005555087402,
    "insertion_order_MWW_test": {
        "independent_iterations": Infinity,
        "converged": true
    }
}