{
    "niter": 6616,
    "logz": -16.887849047644035,
    "logzerr": 0.28816365315587383,
    "logz_bs": -16.857980304177904,
    "logz_single": -16.887849047644035,
    "logzerr_tail": 0.00993923679515163,
    "logzerr_bs": 0.2879921918595514,
    "ess": 2342.7034023735628,
    "H": 8.600469395492636,
    "Herr": 0.10318000136147519,
    "posterior": {
        "mean": [
            212.45193208387917,
            35.92566173702165,
            730.0159514904435,
            349.30643920227647,
            0.08669474146489961
        ],
        "stdev": [
            93.0540500435273,
            15.86658683316437,
            204.46242691256046,
            152.3453332071475,
            0.05103921416101831
        ],
        "median": [
            195.8453720764652,
            33.1214045524687,
            771.5652138137854,
            330.0719867366555,
            0.07697792017152578
        ],
        "errlo": [
            125.71574919512504,
            21.590757381338868,
            512.648226778589,
            195.70541965796787,
            0.04058768793720506
        ],
        "errup": [
            294.6472104479821,
            49.55779755668094,
            937.8937654954011,
            506.75318721004436,
            0.1312969688034708
        ],
        "information_gain_bits": [
            -1.7760430576448492,
            2.961767449681573,
            -4.2757292647815515,
            -3.8075956156342405,
            0.8314251398532357
        ]
    },
    "maximum_likelihood": {
        "logl": -5.64651903401221,
        "point": [
            185.03713804641293,
            29.09684814704978,
            255.12894822052087,
            108.46541099809582,
            0.02478009681486373
        ],
        "point_untransformed": [
            0.17680518994587166,
            0.02812497312016995,
            0.25438333155207293,
            0.1075729839820779,
            0.02478009681486373
        ]
    },
    "ncall": 59126,
    "paramnames": [
        "pFat",
        "pLiver",
        "pSlow",
        "kMet",
        "fAbs"
    ],
    "logzerr_single": 0.146632784494913,
    "insertion_order_MWW_test": {
        "independent_iterations": Infinity,
        "converged": true
    }
}