"pFat_mean","pFat_stdev","pFat_median","pFat_errlo","pFat_errup","pLiver_mean","pLiver_stdev","pLiver_median","pLiver_errlo","pLiver_errup","pSlow_mean","pSlow_stdev","pSlow_median","pSlow_errlo","pSlow_errup","kMet_mean","kMet_stdev","kMet_median","kMet_errlo","kMet_errup","fAbs_mean","fAbs_stdev","fAbs_median","fAbs_errlo","fAbs_errup"
1.370657615671374003e+02,5.605868130924731929e+01,1.268030390099144142e+02,8.566125978673581187e+01,1.876885077917653177e+02,2.462760842345041681e+02,9.950933835032137154e+01,2.265934086940745544e+02,1.536287325347946364e+02,3.393151285892280953e+02,3.259977127282728588e+02,1.451542145943234345e+02,3.123349390570845685e+02,1.802043796582455570e+02,4.746067042037582837e+02,7.031790922902379180e+02,2.058200368344558910e+02,7.379284086884772478e+02,4.770537103572786464e+02,9.171316108766500292e+02,5.606524574054378984e-01,2.088203657120295542e-01,5.611339516243915027e-01,3.457487125918785598e-01,7.919992899265591024e-01
