{
    "niter": 5057,
    "logz": -17.61539526351939,
    "logzerr": 0.177132486470148,
    "logz_bs": -17.61761868857768,
    "logz_single": -17.61539526351939,
    "logzerr_tail": 0.009926448036075897,
    "logzerr_bs": 0.17685413026696395,
    "ess": 2193.2272569555785,
    "H": 5.003510649697175,
    "Herr": 0.08610958939126806,
    "posterior": {
        "mean": [
            137.0657615671374,
            246.27608423450417,
            325.99771272827286,
            703.1790922902379,
            0.5606524574054379
        ],
        "stdev": [
            56.05868130924732,
            99.50933835032137,
            145.15421459432343,
            205.8200368344559,
            0.20882036571202955
        ],
        "median": [
            126.80303900991441,
            226.59340869407455,
            312.33493905708457,
            737.9284086884772,
            0.5611339516243915
        ],
        "errlo": [
            85.66125978673581,
            153.62873253479464,
            180.20437965824556,
            477.05371035727865,
            0.34574871259187856
        ],
        "errup": [
            187.68850779176532,
            339.3151285892281,
            474.6067042037583,
            917.13161087665,
            0.7919992899265591
        ],
        "information_gain_bits": [
            0.21084148239148048,
            -2.1919810874178935,
            -3.5811644955122635,
            -4.208593634741088,
            -4.634276755139272
        ]
    },
    "maximum_likelihood": {
        "logl": -10.422439395440678,
        "point": [
            102.8119941466021,
            161.7663239721589,
            69.00662535017459,
            166.7453844567163,
            0.15906208568962943
        ],
        "point_untransformed": [
            0.09374948903697182,
            0.16092725122338228,
            0.06807470005022481,
            0.16591129575246877,
            0.15906208568962943
        ]
    },
    "ncall": 26079,
    "paramnames": [
        "pFat",
        "pLiver",
        "pSlow",
        "kMet",
        "fAbs"
    ],
    "logzerr_single": 0.1118426422445524,
    "insertion_order_MWW_test": {
        "independent_iterations": Infinity,
        "converged": true
    }
}