{
    "niter": 4493,
    "logz": -9.730473526644706,
    "logzerr": 0.19306382037845168,
    "logz_bs": -9.721135443722089,
    "logz_single": -9.730473526644706,
    "logzerr_tail": 0.009945776896261194,
    "logzerr_bs": 0.19280746941198323,
    "ess": 2184.407364453426,
    "H": 3.635741419055673,
    "Herr": 0.05809833859455727,
    "posterior": {
        "mean": [
            212.29720399368992,
            324.8777575357058,
            344.97527771275776,
            717.5972814952083,
            0.4486547258441886
        ],
        "stdev": [
            119.9548354135521,
            164.78260143704196,
            174.34107356382327,
            201.54484038773964,
            0.20677511823315609
        ],
        "median": [
            183.65109487054698,
            287.1692106448635,
            316.6823990699018,
            748.2191199576556,
            0.41499900262707035
        ],
        "errlo": [
            110.14615817154015,
            175.29509321385459,
            177.25015433944017,
            495.6207492589603,
            0.24349858210643255
        ],
        "errup": [
            315.8544129675265,
            479.29252606544594,
            521.3332911197083,
            932.9021654822863,
            0.6794550319395393
        ],
        "information_gain_bits": [
            -2.854897345909916,
            -3.8559293959000702,
            -4.351391593191544,
            -4.090427990336641,
            -4.610225542282855
        ]
    },
    "maximum_likelihood": {
        "logl": -3.9308556448176715,
        "point": [
            143.43095643126082,
            234.28199335731094,
            111.56941602042535,
            256.5042182890949,
            0.1715579333940641
        ],
        "point_untransformed": [
            0.13477874386996042,
            0.2335155088661771,
            0.11068009611654189,
            0.2557599782673623,
            0.1715579333940641
        ]
    },
    "ncall": 30433,
    "paramnames": [
        "pFat",
        "pLiver",
        "pSlow",
        "kMet",
        "fAbs"
    ],
    "logzerr_single": 0.0953381012378534,
    "insertion_order_MWW_test": {
        "independent_iterations": Infinity,
        "converged": true
    }
}