{
    "niter": 6224,
    "logz": -14.853100771251675,
    "logzerr": 0.14773541661141362,
    "logz_bs": -14.875862399173883,
    "logz_single": -14.853100771251675,
    "logzerr_tail": 0.009939451950058853,
    "logzerr_bs": 0.14740068051498412,
    "ess": 2482.116568072074,
    "H": 7.543831784915436,
    "Herr": 0.09802625158565044,
    "posterior": {
        "mean": [
            529.2709114234159,
            119.73683111215615,
            98.418729411773,
            111.4398450231397,
            0.7821187880777246
        ],
        "stdev": [
            176.1395860721259,
            49.520337385851555,
            65.5106348986139,
            40.63244144008531,
            0.16221397219957426
        ],
        "median": [
            507.63905993005073,
            110.51005371766728,
            86.65449903051382,
            106.76064675517165,
            0.8154350436291038
        ],
        "errlo": [
            353.5402093892277,
            73.86362454484663,
            36.77361525007817,
            71.97740963002872,
            0.6074073180988079
        ],
        "errup": [
            722.5114050105326,
            166.31874176749238,
            162.4792460320884,
            150.78565933661164,
            0.9469508507999802
        ],
        "information_gain_bits": [
            -3.843976414697935,
            0.7176263625741662,
            0.1406047038486689,
            1.4534149221603725,
            -2.8493184882382727
        ]
    },
    "maximum_likelihood": {
        "logl": -4.757277064650626,
        "point": [
            358.3253513944845,
            76.92619722559157,
            72.88845191034504,
            86.28527566093958,
            0.8897628267922149
        ],
        "point_untransformed": [
            0.3518437892873581,
            0.07600219942501658,
            0.07196041232266771,
            0.08537064630724682,
            0.8897628267922149
        ]
    },
    "ncall": 24627,
    "paramnames": [
        "pFat",
        "pLiver",
        "pSlow",
        "kMet",
        "fAbs"
    ],
    "logzerr_single": 0.13733018409034697,
    "insertion_order_MWW_test": {
        "independent_iterations": Infinity,
        "converged": true
    }
}