"pFat_mean","pFat_stdev","pFat_median","pFat_errlo","pFat_errup","pLiver_mean","pLiver_stdev","pLiver_median","pLiver_errlo","pLiver_errup","pSlow_mean","pSlow_stdev","pSlow_median","pSlow_errlo","pSlow_errup","kMet_mean","kMet_stdev","kMet_median","kMet_errlo","kMet_errup","fAbs_mean","fAbs_stdev","fAbs_median","fAbs_errlo","fAbs_errup"
4.100245012051338449e+02,1.596912006725602566e+02,3.857379878458475559e+02,2.561794544868623689e+02,5.658949313578183364e+02,3.346627981548932667e+02,1.415113850045951835e+02,3.066546701452748493e+02,2.070549801998949988e+02,4.611735135042490015e+02,3.138425631049641424e+02,1.422185609495024607e+02,2.998568628442626505e+02,1.769425769655193506e+02,4.472418388010074182e+02,2.705069431941284392e+02,1.064979359722975829e+02,2.614081661111781614e+02,1.635622418219965937e+02,3.712330840848021580e+02,7.303785410826326707e-01,1.979839247165444960e-01,7.716382137473812852e-01,5.157974954896685782e-01,9.310869846190901189e-01
