{
    "niter": 5228,
    "logz": -14.357220699378388,
    "logzerr": 0.1666440761296717,
    "logz_bs": -14.339327366382681,
    "logz_single": -14.357220699378388,
    "logzerr_tail": 0.009936106123753063,
    "logzerr_bs": 0.16634759362314,
    "ess": 2504.1121290918595,
    "H": 4.99915631602661,
    "Herr": 0.0820509776345681,
    "posterior": {
        "mean": [
            410.02450120513384,
            334.66279815489327,
            313.84256310496414,
            270.50694319412844,
            0.7303785410826327
        ],
        "stdev": [
            159.69120067256026,
            141.51138500459518,
            142.21856094950246,
            106.49793597229758,
            0.1979839247165445
        ],
        "median": [
            385.73798784584756,
            306.65467014527485,
            299.85686284426265,
            261.40816611117816,
            0.7716382137473813
        ],
        "errlo": [
            256.17945448686237,
            207.054980199895,
            176.94257696551935,
            163.5622418219966,
            0.5157974954896686
        ],
        "errup": [
            565.8949313578183,
            461.173513504249,
            447.2418388010074,
            371.23308408480216,
            0.9310869846190901
        ],
        "information_gain_bits": [
            -3.7186677977355527,
            -3.475821782073928,
            -3.6882375106156253,
            -1.9951094753149554,
            -3.719617592436254
        ]
    },
    "maximum_likelihood": {
        "logl": -6.737569436429395,
        "point": [
            270.81568845047434,
            212.87922083752414,
            63.69353581731642,
            69.78240334241629,
            0.258333858808119
        ],
        "point_untransformed": [
            0.26345019035401446,
            0.2120913121496738,
            0.06275629210942585,
            0.0688512545970133,
            0.258333858808119
        ]
    },
    "ncall": 24223,
    "paramnames": [
        "pFat",
        "pLiver",
        "pSlow",
        "kMet",
        "fAbs"
    ],
    "logzerr_single": 0.111793965803466,
    "insertion_order_MWW_test": {
        "independent_iterations": Infinity,
        "converged": true
    }
}