{
    "niter": 5180,
    "logz": -14.56025893397904,
    "logzerr": 0.14799018630784175,
    "logz_bs": -14.54490144016056,
    "logz_single": -14.56025893397904,
    "logzerr_tail": 0.009949182845572224,
    "logzerr_bs": 0.1476553724188019,
    "ess": 2602.2725063764096,
    "H": 4.754652601587052,
    "Herr": 0.06277160791706225,
    "posterior": {
        "mean": [
            403.85164197023846,
            318.7985461432421,
            351.07598386429316,
            292.0773674247502,
            0.7244443491078657
        ],
        "stdev": [
            157.03109694081658,
            132.9517624538141,
            153.08850658637306,
            113.23555758707039,
            0.20212645350608474
        ],
        "median": [
            375.79843730816174,
            294.0417847686032,
            336.6833269909846,
            285.6338122115789,
            0.7654497472173073
        ],
        "errlo": [
            254.2808958022227,
            194.73417137511763,
            202.67909794995023,
            178.163612294271,
            0.4963082681809565
        ],
        "errup": [
            560.1017671006408,
            448.78831913188515,
            501.2772693973773,
            404.20028845126706,
            0.9345222164702958
        ],
        "information_gain_bits": [
            -3.794537918376851,
            -3.211988206104817,
            -3.9320382325380767,
            -2.3871804577368314,
            -3.888739998866582
        ]
    },
    "maximum_likelihood": {
        "logl": -7.002125269037457,
        "point": [
            261.9423124953894,
            198.4246421712213,
            95.33324896567193,
            88.57351124913325,
            0.32142038699954834
        ],
        "point_untransformed": [
            0.25448718433877715,
            0.19762226443565697,
            0.09442767664231425,
            0.0876611724215548,
            0.32142038699954834
        ]
    },
    "ncall": 25366,
    "paramnames": [
        "pFat",
        "pLiver",
        "pSlow",
        "kMet",
        "fAbs"
    ],
    "logzerr_single": 0.10902582952662011,
    "insertion_order_MWW_test": {
        "independent_iterations": Infinity,
        "converged": true
    }
}