{
    "niter": 6362,
    "logz": -16.69649409700241,
    "logzerr": 0.22840967564249806,
    "logz_bs": -16.706584992335944,
    "logz_single": -16.69649409700241,
    "logzerr_tail": 0.009935958828197755,
    "logzerr_bs": 0.22819346320452638,
    "ess": 2268.062253447434,
    "H": 8.154969461368234,
    "Herr": 0.09402817957252757,
    "posterior": {
        "mean": [
            655.7668632532277,
            67.46328217282587,
            101.67015900217555,
            129.89919926715686,
            0.7937469490831073
        ],
        "stdev": [
            173.53375218912507,
            26.947902209897755,
            64.02087502388866,
            44.200361288279765,
            0.15606161806402127
        ],
        "median": [
            653.4061702018075,
            62.46182033062583,
            93.14549731056442,
            125.11898239478387,
            0.8241500375947431
        ],
        "errlo": [
            468.44657414520066,
            42.67143995597981,
            38.02697033476509,
            86.1500051079952,
            0.6250484630359732
        ],
        "errup": [
            851.4672256883025,
            92.24308409811418,
            161.79541277983978,
            171.73991932381358,
            0.9510376051176073
        ],
        "information_gain_bits": [
            -3.402225971877284,
            2.1001062621554634,
            0.31154324935856476,
            1.2588751911268177,
            -2.6326773437399016
        ]
    },
    "maximum_likelihood": {
        "logl": -6.283793870759761,
        "point": [
            529.7849893013075,
            45.20129472938647,
            88.34557233257024,
            117.07384715974493,
            0.9909369451585287
        ],
        "point_untransformed": [
            0.5250353427285934,
            0.044245540269656124,
            0.08743300533790815,
            0.11619003719694188,
            0.9909369451585287
        ]
    },
    "ncall": 26745,
    "paramnames": [
        "pFat",
        "pLiver",
        "pSlow",
        "kMet",
        "fAbs"
    ],
    "logzerr_single": 0.1427845357642787,
    "insertion_order_MWW_test": {
        "independent_iterations": Infinity,
        "converged": true
    }
}