{
    "niter": 6350,
    "logz": -16.684172691640242,
    "logzerr": 0.24090730904789517,
    "logz_bs": -16.67247419343037,
    "logz_single": -16.684172691640242,
    "logzerr_tail": 0.00993930596273529,
    "logzerr_bs": 0.24070218476299132,
    "ess": 2306.685139305377,
    "H": 8.046730372177569,
    "Herr": 0.08199001215133166,
    "posterior": {
        "mean": [
            649.2738963154787,
            69.42154253271572,
            101.36413201084498,
            129.1064831397851,
            0.7822357822044799
        ],
        "stdev": [
            175.284552073287,
            27.772754616123418,
            64.02573214236016,
            44.74317833061426,
            0.1609256201692733
        ],
        "median": [
            644.6818654990311,
            64.90941343291055,
            90.6106954239301,
            124.18823229759981,
            0.8164634508919324
        ],
        "errlo": [
            461.72911908174814,
            44.013289832352946,
            40.271874330785664,
            85.80978345108755,
            0.6019858817907848
        ],
        "errup": [
            848.1559740417956,
            95.12967506606682,
            162.3379575536106,
            172.46179000312694,
            0.9453380804385901
        ],
        "information_gain_bits": [
            -3.4991506465402504,
            2.070833535339067,
            0.3544449744743951,
            1.3082205149464459,
            -2.6637386205791485
        ]
    },
    "maximum_likelihood": {
        "logl": -6.2770110417258715,
        "point": [
            528.8252092016234,
            46.23306874223884,
            84.57012039435041,
            110.26570959268713,
            0.89437308721104
        ],
        "point_untransformed": [
            0.5240658678804276,
            0.04527834708932817,
            0.08365377416851894,
            0.1093750846773645,
            0.89437308721104
        ]
    },
    "ncall": 28640,
    "paramnames": [
        "pFat",
        "pLiver",
        "pSlow",
        "kMet",
        "fAbs"
    ],
    "logzerr_single": 0.1418337968554883,
    "insertion_order_MWW_test": {
        "independent_iterations": Infinity,
        "converged": true
    }
}