{
    "niter": 5134,
    "logz": -21.889173531024277,
    "logzerr": 0.20204098352081956,
    "logz_bs": -21.89860369179952,
    "logz_single": -21.889173531024277,
    "logzerr_tail": 0.009941650154129178,
    "logzerr_bs": 0.20179624033730903,
    "ess": 2158.0194703323887,
    "H": 5.251098117700916,
    "Herr": 0.09761554386990437,
    "posterior": {
        "mean": [
            155.87180511936387,
            282.32851886789297,
            639.3841188250111,
            717.7844798937866,
            0.44169768511498547
        ],
        "stdev": [
            66.59568927187982,
            118.78654402666466,
            171.7046101006251,
            207.23172951762055,
            0.18535137991746636
        ],
        "median": [
            142.82191616275168,
            259.5641653486444,
            657.0399104308642,
            757.3838740381934,
            0.42569901758526785
        ],
        "errlo": [
            96.49359629846354,
            174.84036513873525,
            465.7292360588332,
            493.18019109357044,
            0.25587574189730883
        ],
        "errup": [
            214.61843409246347,
            390.8534345507579,
            810.407076525622,
            930.7362624125186,
            0.6324578136895402
        ],
        "information_gain_bits": [
            -0.3023340329600641,
            -2.7081294277827905,
            -4.085548394667685,
            -4.157299659120711,
            -4.537396310878805
        ]
    },
    "maximum_likelihood": {
        "logl": -14.420013317115288,
        "point": [
            153.1965517276599,
            218.701554869812,
            88.52849030499763,
            85.52311970733354,
            0.0486323428613063
        ],
        "point_untransformed": [
            0.14464298154309083,
            0.21791947434415618,
            0.08761610641140904,
            0.0846077274347683,
            0.0486323428613063
        ]
    },
    "ncall": 45621,
    "paramnames": [
        "pFat",
        "pLiver",
        "pSlow",
        "kMet",
        "fAbs"
    ],
    "logzerr_single": 0.11457637319383211,
    "insertion_order_MWW_test": {
        "independent_iterations": Infinity,
        "converged": true
    }
}