{
    "niter": 7308,
    "logz": -54.05482120053992,
    "logzerr": 0.15252966740160886,
    "logz_bs": -54.093229277842724,
    "logz_single": -54.05482120053992,
    "logzerr_tail": 0.009931685663673306,
    "logzerr_bs": 0.1522059823315871,
    "ess": 2655.8092421981382,
    "H": 9.88801757832168,
    "Herr": 0.09963607233708097,
    "posterior": {
        "mean": [
            77.23004520413198,
            55.22807264042369,
            343.09544970267444,
            4.372879277220217,
            0.6679269330944232
        ],
        "stdev": [
            37.53526819484687,
            26.254135282649415,
            98.73545375696848,
            3.643106297499196,
            0.20007253519617288
        ],
        "median": [
            69.56877804258067,
            49.98789130598301,
            354.66540798536533,
            3.296124280392348,
            0.681203451324492
        ],
        "errlo": [
            44.208799745431456,
            32.487118299882965,
            233.8362705905793,
            1.5511756921977038,
            0.4560670776902968
        ],
        "errup": [
            108.33932507907743,
            76.41854184817389,
            450.41531682054136,
            7.194635250007915,
            0.8912322350462499
        ],
        "information_gain_bits": [
            -0.19089746131191876,
            1.627898676530445,
            -4.011749090347562,
            3.8575650569266715,
            -4.049159395850535
        ]
    },
    "maximum_likelihood": {
        "logl": -41.12492868026509,
        "point": [
            38.1265633076033,
            29.078160513784688,
            323.994662470059,
            1.0029022412250124,
            0.941250558072603
        ],
        "point_untransformed": [
            0.047672141199327625,
            0.035141627676826895,
            0.6472838927255691,
            3.6323419587137276e-06,
            0.941250558072603
        ]
    },
    "ncall": 33247,
    "paramnames": [
        "pFat",
        "pLiver",
        "pSlow",
        "kMet",
        "fAbs"
    ],
    "logzerr_single": 0.15722609180986533,
    "insertion_order_MWW_test": {
        "independent_iterations": Infinity,
        "converged": true
    }
}