{
    "niter": 7065,
    "logz": -17.906788898245157,
    "logzerr": 0.2455338784079893,
    "logz_bs": -17.87033764477051,
    "logz_single": -17.906788898245157,
    "logzerr_tail": 0.009936549901915726,
    "logzerr_bs": 0.2453327341023126,
    "ess": 2455.6332053275723,
    "H": 9.510735360007045,
    "Herr": 0.08387706944199506,
    "posterior": {
        "mean": [
            13.151601825223999,
            109.7726276273005,
            593.0132200869343,
            316.058491257983,
            0.6653323991948444
        ],
        "stdev": [
            3.15681493314164,
            41.49268585740425,
            203.7021282800965,
            114.72353809070572,
            0.22294400036051096
        ],
        "median": [
            12.211627704253146,
            102.23468175567392,
            596.875673729158,
            316.2238677936731,
            0.6955160005411162
        ],
        "errlo": [
            10.5987798116721,
            72.09309252664592,
            377.80263594184555,
            194.3535660577749,
            0.4109711659437418
        ],
        "errup": [
            15.715592361188673,
            147.85964931144673,
            817.6048804971958,
            430.19979815448085,
            0.9020578424220956
        ],
        "information_gain_bits": [
            4.0486351833478915,
            1.1479535957724947,
            -4.571384253012632,
            -2.089018930834909,
            -4.53946642013513
        ]
    },
    "maximum_likelihood": {
        "logl": -4.911103140505499,
        "point": [
            10.24266183509292,
            88.63601307049784,
            30.610676760170264,
            15.636349048262126,
            0.0374805224391106
        ],
        "point_untransformed": [
            0.0002451129647403231,
            0.08772373680730515,
            0.029640317077247513,
            0.014651000048310436,
            0.0374805224391106
        ]
    },
    "ncall": 36919,
    "paramnames": [
        "pFat",
        "pLiver",
        "pSlow",
        "kMet",
        "fAbs"
    ],
    "logzerr_single": 0.15419740075636038,
    "insertion_order_MWW_test": {
        "independent_iterations": Infinity,
        "converged": true
    }
}