{
    "niter": 8671,
    "logz": -21.975458355616702,
    "logzerr": 0.3046402297811555,
    "logz_bs": -21.990310913235383,
    "logz_single": -21.975458355616702,
    "logzerr_tail": 0.009951819546355267,
    "logzerr_bs": 0.3044776361062205,
    "ess": 2975.4331017343357,
    "H": 12.85272880010682,
    "Herr": 0.12334095669938307,
    "posterior": {
        "mean": [
            354.35729210110884,
            32.30149197564146,
            12.957499069659987,
            19.92357623309791,
            0.8693348284680243
        ],
        "stdev": [
            127.6278799219882,
            13.532400122084185,
            13.007408447827236,
            6.106601890316087,
            0.11048776741777007
        ],
        "median": [
            335.1631991610368,
            29.748795944938227,
            8.926112878256978,
            19.17708078770244,
            0.8971936154809899
        ],
        "errlo": [
            232.00160069747668,
            19.931462627354424,
            3.0054989486759816,
            13.99029151900104,
            0.7659884731147186
        ],
        "errup": [
            473.8886056844194,
            44.35340506144241,
            22.380563684311063,
            25.546787222421322,
            0.9722753263787488
        ],
        "information_gain_bits": [
            -3.147373684132456,
            3.1217659003846108,
            3.1913224697215044,
            3.7507323878536725,
            -1.2591622442885917
        ]
    },
    "maximum_likelihood": {
        "logl": -5.55282964694298,
        "point": [
            245.84784732420007,
            21.72971611383536,
            1.578497582877792,
            15.590584898555235,
            0.988055658838967
        ],
        "point_untransformed": [
            0.2382301488123233,
            0.020750466580415773,
            0.0005790766595373294,
            0.01460519008864388,
            0.988055658838967
        ]
    },
    "ncall": 35075,
    "paramnames": [
        "pFat",
        "pLiver",
        "pSlow",
        "kMet",
        "fAbs"
    ],
    "logzerr_single": 0.17925351321596755,
    "insertion_order_MWW_test": {
        "independent_iterations": Infinity,
        "converged": true
    }
}