"pFat_mean","pFat_stdev","pFat_median","pFat_errlo","pFat_errup","pLiver_mean","pLiver_stdev","pLiver_median","pLiver_errlo","pLiver_errup","pSlow_mean","pSlow_stdev","pSlow_median","pSlow_errlo","pSlow_errup","kMet_mean","kMet_stdev","kMet_median","kMet_errlo","kMet_errup","fAbs_mean","fAbs_stdev","fAbs_median","fAbs_errlo","fAbs_errup"
3.575903835678105906e+02,1.431754114178224313e+02,3.295163322013804645e+02,2.224717942063117277e+02,4.950866434702495553e+02,4.547079781524162740e+02,1.711921104950999961e+02,4.292112748650383196e+02,2.892945251441641403e+02,6.271235026283665093e+02,2.215696410097489775e+02,1.239975537502981524e+02,2.012580356458300628e+02,1.080351893383833897e+02,3.361946186365896665e+02,3.217969585073970507e+02,1.179989539204323847e+02,3.107754137787831041e+02,2.064716541704537178e+02,4.367527478045419684e+02,7.433201414831592801e-01,1.874086879786798776e-01,7.751505281022621485e-01,5.339398894623700320e-01,9.387581371772160121e-01
