{
    "niter": 5035,
    "logz": -18.079796737381965,
    "logzerr": 0.17762603183337797,
    "logz_bs": -18.06681719522869,
    "logz_single": -18.079796737381965,
    "logzerr_tail": 0.009950521496435272,
    "logzerr_bs": 0.17734710120783248,
    "ess": 2578.9697871435296,
    "H": 4.392812366259298,
    "Herr": 0.06882517157073742,
    "posterior": {
        "mean": [
            357.5903835678106,
            454.7079781524163,
            221.56964100974898,
            321.79695850739705,
            0.7433201414831593
        ],
        "stdev": [
            143.17541141782243,
            171.1921104951,
            123.99755375029815,
            117.99895392043238,
            0.18740868797867988
        ],
        "median": [
            329.51633220138046,
            429.2112748650383,
            201.25803564583006,
            310.7754137787831,
            0.7751505281022621
        ],
        "errlo": [
            222.47179420631173,
            289.29452514416414,
            108.03518933838339,
            206.47165417045372,
            0.53393988946237
        ],
        "errup": [
            495.08664347024956,
            627.1235026283665,
            336.19461863658967,
            436.75274780454197,
            0.938758137177216
        ],
        "information_gain_bits": [
            -3.53322667671354,
            -3.931998286165673,
            -2.982105716679287,
            -2.7211858691266486,
            -3.5596633540754037
        ]
    },
    "maximum_likelihood": {
        "logl": -10.955475214548372,
        "point": [
            220.895686408911,
            281.1671181796942,
            129.1078740329059,
            210.03232989809362,
            0.7054457449141541
        ],
        "point_untransformed": [
            0.21302594586758686,
            0.28044756574543966,
            0.12823611014304895,
            0.20924157146956318,
            0.7054457449141541
        ]
    },
    "ncall": 22677,
    "paramnames": [
        "pFat",
        "pLiver",
        "pSlow",
        "kMet",
        "fAbs"
    ],
    "logzerr_single": 0.10479518555567448,
    "insertion_order_MWW_test": {
        "independent_iterations": Infinity,
        "converged": true
    }
}