{
    "niter": 4940,
    "logz": -10.602511552215834,
    "logzerr": 0.1266608225813208,
    "logz_bs": -10.609368959719273,
    "logz_single": -10.602511552215834,
    "logzerr_tail": 0.009934212756888883,
    "logzerr_bs": 0.1262706434365395,
    "ess": 2775.542314484071,
    "H": 3.912515073001485,
    "Herr": 0.05299266073926518,
    "posterior": {
        "mean": [
            390.4764670631588,
            351.6533787216322,
            217.4515587371053,
            313.34052747560105,
            0.739135111454051
        ],
        "stdev": [
            177.4854705686485,
            166.0097241210833,
            139.13454661542136,
            147.084906176114,
            0.19524469632307395
        ],
        "median": [
            357.076707770296,
            321.9742705837284,
            191.4267618794599,
            289.3104101289234,
            0.7759515049242391
        ],
        "errlo": [
            221.55561440068655,
            192.82507198605714,
            85.74876065687494,
            171.54326414651743,
            0.5211510447463886
        ],
        "errup": [
            572.28063371334,
            516.9094510703392,
            345.19335969816245,
            457.34014475531063,
            0.9409190525629709
        ],
        "information_gain_bits": [
            -4.125519034437089,
            -4.007362341710996,
            -3.2591887765775778,
            -3.623866417656728,
            -3.7929763742548297
        ]
    },
    "maximum_likelihood": {
        "logl": -3.709363474721887,
        "point": [
            182.9471813554215,
            170.7652840778239,
            104.5032229329412,
            180.62457937969995,
            0.7812952053311512
        ],
        "point_untransformed": [
            0.17469412258123382,
            0.16993521929712102,
            0.1036068297627039,
            0.17980438376346342,
            0.7812952053311512
        ]
    },
    "ncall": 23308,
    "paramnames": [
        "pFat",
        "pLiver",
        "pSlow",
        "kMet",
        "fAbs"
    ],
    "logzerr_single": 0.09890039273179714,
    "insertion_order_MWW_test": {
        "independent_iterations": Infinity,
        "converged": true
    }
}