"pFat_mean","pFat_stdev","pFat_median","pFat_errlo","pFat_errup","pLiver_mean","pLiver_stdev","pLiver_median","pLiver_errlo","pLiver_errup","pSlow_mean","pSlow_stdev","pSlow_median","pSlow_errlo","pSlow_errup","kMet_mean","kMet_stdev","kMet_median","kMet_errlo","kMet_errup","fAbs_mean","fAbs_stdev","fAbs_median","fAbs_errlo","fAbs_errup"
2.265200398071158929e+02,9.966063833318726495e+01,2.071462386305719292e+02,1.356497510513586064e+02,3.163370642215880366e+02,4.082080201581826628e+01,1.789748359602932837e+01,3.753633764351902613e+01,2.429538539944842412e+01,5.719118470348345795e+01,7.400386207425764269e+02,1.996678601823770975e+02,7.824809170544203880e+02,5.310415419518824365e+02,9.414680875904415416e+02,3.948704102460632157e+02,1.670338834838209721e+02,3.784087735566738502e+02,2.293621426239479888e+02,5.668464540563553555e+02,1.092686323018076527e-01,6.468960457137835907e-02,9.642036725846918344e-02,5.123062003286503463e-02,1.688868821208394932e-01
