{
    "niter": 6355,
    "logz": -16.406658507993765,
    "logzerr": 0.29845205673469144,
    "logz_bs": -16.39407407829689,
    "logz_single": -16.406658507993765,
    "logzerr_tail": 0.00994398711679878,
    "logzerr_bs": 0.29828635116174596,
    "ess": 2356.108066275654,
    "H": 7.944798527877449,
    "Herr": 0.11520557218135581,
    "posterior": {
        "mean": [
            226.5200398071159,
            40.820802015818266,
            740.0386207425764,
            394.8704102460632,
            0.10926863230180765
        ],
        "stdev": [
            99.66063833318726,
            17.89748359602933,
            199.6678601823771,
            167.03388348382097,
            0.06468960457137836
        ],
        "median": [
            207.14623863057193,
            37.536337643519026,
            782.4809170544204,
            378.40877355667385,
            0.09642036725846918
        ],
        "errlo": [
            135.6497510513586,
            24.295385399448424,
            531.0415419518824,
            229.362142623948,
            0.051230620032865035
        ],
        "errup": [
            316.33706422158804,
            57.19118470348346,
            941.4680875904415,
            566.8464540563554,
            0.1688868821208395
        ],
        "information_gain_bits": [
            -2.21031791338538,
            2.7607901111603983,
            -4.152752105248801,
            -4.227726329879808,
            0.05798381501052992
        ]
    },
    "maximum_likelihood": {
        "logl": -5.809204040906607,
        "point": [
            186.54102352707721,
            26.900840521694356,
            158.51362507050064,
            69.05895362862229,
            0.018433275513307132
        ],
        "point_untransformed": [
            0.17832426618896688,
            0.02592676728898334,
            0.1576712963668675,
            0.06812708070933163,
            0.018433275513307132
        ]
    },
    "ncall": 50832,
    "paramnames": [
        "pFat",
        "pLiver",
        "pSlow",
        "kMet",
        "fAbs"
    ],
    "logzerr_single": 0.14093259495125185,
    "insertion_order_MWW_test": {
        "independent_iterations": Infinity,
        "converged": true
    }
}