{
    "niter": 8930,
    "logz": -27.613084759222808,
    "logzerr": 0.261613271859648,
    "logz_bs": -27.608570400966535,
    "logz_single": -27.613084759222808,
    "logzerr_tail": 0.009947642586546124,
    "logzerr_bs": 0.2614240777359278,
    "ess": 2974.31618469123,
    "H": 13.448753406976467,
    "Herr": 0.12607015946003813,
    "posterior": {
        "mean": [
            183.20978678532035,
            21.700480494465545,
            5.127905657744788,
            9.589501472740714,
            0.8951956782316985
        ],
        "stdev": [
            66.47209769574165,
            8.962738967898765,
            4.362202731929846,
            2.7943087665219526,
            0.08838664333971138
        ],
        "median": [
            173.02220977766714,
            20.112042371176422,
            3.7894209437083246,
            9.193054467395799,
            0.918850407175457
        ],
        "errlo": [
            120.77221064093429,
            13.517907003365528,
            1.7215085102130607,
            6.914599582888661,
            0.8047873476811213
        ],
        "errup": [
            245.50943029415998,
            29.391085660341524,
            8.553046400057385,
            12.207465272695783,
            0.9775885558948034
        ],
        "information_gain_bits": [
            -2.613093069077358,
            3.50368801909338,
            1.139859048506325,
            4.0944542849379255,
            -0.33839406567316194
        ]
    },
    "maximum_likelihood": {
        "logl": -10.477204269978934,
        "point": [
            138.30489163108638,
            14.144062195879515,
            1.0617843588322031,
            7.364610334145562,
            0.9997728640462682
        ],
        "point_untransformed": [
            0.21746591801879045,
            0.01315721941529481,
            0.0006240844326485164,
            0.006370981315461023,
            0.9997728640462682
        ]
    },
    "ncall": 34826,
    "paramnames": [
        "pFat",
        "pLiver",
        "pSlow",
        "kMet",
        "fAbs"
    ],
    "logzerr_single": 0.18336271026967604,
    "insertion_order_MWW_test": {
        "independent_iterations": Infinity,
        "converged": true
    }
}