"pFat_mean","pFat_stdev","pFat_median","pFat_errlo","pFat_errup","pLiver_mean","pLiver_stdev","pLiver_median","pLiver_errlo","pLiver_errup","pSlow_mean","pSlow_stdev","pSlow_median","pSlow_errlo","pSlow_errup","kMet_mean","kMet_stdev","kMet_median","kMet_errlo","kMet_errup","fAbs_mean","fAbs_stdev","fAbs_median","fAbs_errlo","fAbs_errup"
1.918178012307526785e+02,7.901787911269597942e+01,1.768739000681133007e+02,1.194796926883254713e+02,2.636526011154515459e+02,1.179513703437475556e+02,5.044290875160717746e+01,1.082289718617935961e+02,7.208638519636897968e+01,1.630942540862081671e+02,1.412629570706200184e+02,7.762034541008186750e+01,1.299963546417999680e+02,6.621207399999946119e+01,2.145067671814130108e+02,2.115546919045351615e+02,8.279935501757680072e+01,2.009768039678174887e+02,1.336588838017815704e+02,2.909916617647981525e+02,7.418882330160520011e-01,1.911259782733399637e-01,7.802472877781653215e-01,5.296584572832135906e-01,9.355209582978013527e-01
