{
    "niter": 6191,
    "logz": -23.158092331244834,
    "logzerr": 0.1735682052774973,
    "logz_bs": -23.174262739575667,
    "logz_single": -23.158092331244834,
    "logzerr_tail": 0.009941742702217482,
    "logzerr_bs": 0.17328324683965945,
    "ess": 2626.7933277002912,
    "H": 7.240809930688755,
    "Herr": 0.09007868090431662,
    "posterior": {
        "mean": [
            191.81780123075268,
            117.95137034374756,
            141.26295707062002,
            211.55469190453516,
            0.741888233016052
        ],
        "stdev": [
            79.01787911269598,
            50.44290875160718,
            77.62034541008187,
            82.7993550175768,
            0.19112597827333996
        ],
        "median": [
            176.8739000681133,
            108.2289718617936,
            129.99635464179997,
            200.9768039678175,
            0.7802472877781653
        ],
        "errlo": [
            119.47969268832547,
            72.08638519636898,
            66.21207399999946,
            133.65888380178157,
            0.5296584572832136
        ],
        "errup": [
            263.65260111545155,
            163.09425408620817,
            214.506767181413,
            290.99166176479815,
            0.9355209582978014
        ],
        "information_gain_bits": [
            -1.0226259884364568,
            0.720929362838117,
            -0.7641469896633364,
            -0.9506159425731495,
            -3.600782405302155
        ]
    },
    "maximum_likelihood": {
        "logl": -13.113633470548294,
        "point": [
            121.72383693716763,
            75.18268959065018,
            44.869521012550564,
            80.91208342363228,
            0.39788899297729274
        ],
        "point_untransformed": [
            0.11285236054259357,
            0.07425694653718737,
            0.04391343444699756,
            0.07999207549913141,
            0.39788899297729274
        ]
    },
    "ncall": 28339,
    "paramnames": [
        "pFat",
        "pLiver",
        "pSlow",
        "kMet",
        "fAbs"
    ],
    "logzerr_single": 0.13454376546953742,
    "insertion_order_MWW_test": {
        "independent_iterations": Infinity,
        "converged": true
    }
}