{
    "niter": 6557,
    "logz": -16.994309831268236,
    "logzerr": 0.20067423249104727,
    "logz_bs": -16.987491945202386,
    "logz_single": -16.994309831268236,
    "logzerr_tail": 0.009943293879011605,
    "logzerr_bs": 0.20042773883049847,
    "ess": 2840.2717991578493,
    "H": 7.875047642198842,
    "Herr": 0.07813980190780866,
    "posterior": {
        "mean": [
            151.24316561436328,
            77.31641486479565,
            114.19483532052972,
            175.94931703218876,
            0.7372997340679738
        ],
        "stdev": [
            73.23546226135724,
            38.12337693766612,
            75.57635883867722,
            82.5447873589161,
            0.19362970147885
        ],
        "median": [
            135.1787185990522,
            69.8575086819851,
            98.47861039186628,
            164.3240704408838,
            0.773301819741313
        ],
        "errlo": [
            86.63671870221148,
            43.42937066847489,
            43.99488693328014,
            100.01307895775292,
            0.5223065605431658
        ],
        "errup": [
            216.32291756036807,
            110.17079239432238,
            184.14289266019273,
            251.16325036828314,
            0.9362359324360225
        ],
        "information_gain_bits": [
            -0.7859194619450456,
            1.334211895990479,
            -0.6112391378014631,
            -1.0376036505466888,
            -3.7431477255350387
        ]
    },
    "maximum_likelihood": {
        "logl": -6.010638289453965,
        "point": [
            71.40449903295385,
            37.09490310551544,
            29.566449098135116,
            57.5190503453927,
            0.4332769526461075
        ],
        "point_untransformed": [
            0.06202474649793317,
            0.0361310341396551,
            0.028595044142277395,
            0.05657562597136406,
            0.4332769526461075
        ]
    },
    "ncall": 32412,
    "paramnames": [
        "pFat",
        "pLiver",
        "pSlow",
        "kMet",
        "fAbs"
    ],
    "logzerr_single": 0.14031257643382186,
    "insertion_order_MWW_test": {
        "independent_iterations": Infinity,
        "converged": true
    }
}