{
    "niter": 6086,
    "logz": -19.824998131818965,
    "logzerr": 0.12283329247896405,
    "logz_bs": -19.835697743600424,
    "logz_single": -19.824998131818965,
    "logzerr_tail": 0.009932718819868569,
    "logzerr_bs": 0.12243103707013248,
    "ess": 2646.119414821773,
    "H": 6.981708196425824,
    "Herr": 0.07996324647238927,
    "posterior": {
        "mean": [
            192.8603999886579,
            109.98489082142484,
            149.9630792547061,
            247.35220556003833,
            0.7279397134880383
        ],
        "stdev": [
            80.74487123914957,
            46.846956230193456,
            85.3469726686271,
            99.54860031827214,
            0.20002472639432062
        ],
        "median": [
            178.89385877089381,
            102.13513604889093,
            137.7996647715073,
            236.5289764991543,
            0.770686184789972
        ],
        "errlo": [
            116.63661997333982,
            66.33606862663548,
            69.62114902695365,
            150.89395077757814,
            0.5045079360383276
        ],
        "errup": [
            265.0261142441931,
            151.64454092812844,
            226.25406838536222,
            346.32542508622896,
            0.9347335634122904
        ],
        "information_gain_bits": [
            -1.0381928687077029,
            0.7881626286534317,
            -1.1240919072017415,
            -1.8563831293199402,
            -3.838365397764465
        ]
    },
    "maximum_likelihood": {
        "logl": -10.033164273872858,
        "point": [
            115.7416581377386,
            69.16451035142023,
            52.1194192547953,
            104.0574309712291,
            0.43621362415391585
        ],
        "point_untransformed": [
            0.10680975569468545,
            0.06823274309451474,
            0.05117058984463994,
            0.10316059156279189,
            0.43621362415391585
        ]
    },
    "ncall": 29453,
    "paramnames": [
        "pFat",
        "pLiver",
        "pSlow",
        "kMet",
        "fAbs"
    ],
    "logzerr_single": 0.13211461119446463,
    "insertion_order_MWW_test": {
        "independent_iterations": Infinity,
        "converged": true
    }
}