"pFat_mean","pFat_stdev","pFat_median","pFat_errlo","pFat_errup","pLiver_mean","pLiver_stdev","pLiver_median","pLiver_errlo","pLiver_errup","pSlow_mean","pSlow_stdev","pSlow_median","pSlow_errlo","pSlow_errup","kMet_mean","kMet_stdev","kMet_median","kMet_errlo","kMet_errup","fAbs_mean","fAbs_stdev","fAbs_median","fAbs_errlo","fAbs_errup"
4.310700973181333779e+02,1.479698460549332992e+02,4.095882737830711449e+02,2.875119617323428542e+02,5.746405636977377753e+02,3.185376908684837005e+01,1.336913900760519525e+01,2.924686254468244684e+01,1.934636282099630122e+01,4.472388073127401498e+01,2.184817418953847579e+01,1.955919464509534222e+01,1.635780316520194333e+01,5.309639811392431241e+00,3.818769066115027044e+01,2.392591817303932444e+01,7.811505172987008194e+00,2.298577617373799242e+01,1.639874860574330739e+01,3.119894872035610334e+01,8.370741152396752316e-01,1.262413977328934456e-01,8.665259312854083351e-01,7.022754249025645601e-01,9.611340497754106149e-01
