{
    "niter": 8168,
    "logz": -20.807843520128337,
    "logzerr": 0.35970259539384486,
    "logz_bs": -20.79260140869176,
    "logz_single": -20.807843520128337,
    "logzerr_tail": 0.009942661025934996,
    "logzerr_bs": 0.35956515490908103,
    "ess": 2753.539570296703,
    "H": 12.040579185365232,
    "Herr": 0.1348802287546733,
    "posterior": {
        "mean": [
            431.0700973181334,
            31.85376908684837,
            21.848174189538476,
            23.925918173039324,
            0.8370741152396752
        ],
        "stdev": [
            147.9698460549333,
            13.369139007605195,
            19.559194645095342,
            7.811505172987008,
            0.12624139773289345
        ],
        "median": [
            409.58827378307114,
            29.246862544682447,
            16.357803165201943,
            22.985776173737992,
            0.8665259312854083
        ],
        "errlo": [
            287.51196173234285,
            19.3463628209963,
            5.309639811392431,
            16.398748605743307,
            0.7022754249025646
        ],
        "errup": [
            574.6405636977378,
            44.723880731274015,
            38.18769066115027,
            31.198948720356103,
            0.9611340497754106
        ],
        "information_gain_bits": [
            -3.5389674722913034,
            3.1416513105998054,
            2.7565103913151106,
            3.6336244711267187,
            -1.7486861395027837
        ]
    },
    "maximum_likelihood": {
        "logl": -5.848936946129835,
        "point": [
            320.20774551778646,
            20.892520619596553,
            3.569612616270049,
            16.933115235545706,
            0.8544762211943875
        ],
        "point_untransformed": [
            0.3133411570886732,
            0.0199124330526492,
            0.00257218480107112,
            0.015949064299845554,
            0.8544762211943875
        ]
    },
    "ncall": 30810,
    "paramnames": [
        "pFat",
        "pLiver",
        "pSlow",
        "kMet",
        "fAbs"
    ],
    "logzerr_single": 0.17349768863997317,
    "insertion_order_MWW_test": {
        "independent_iterations": Infinity,
        "converged": true
    }
}