{
    "niter": 8230,
    "logz": -20.87361960139608,
    "logzerr": 0.3121430033337825,
    "logz_bs": -20.86116275276132,
    "logz_single": -20.87361960139608,
    "logzerr_tail": 0.009951492447815014,
    "logzerr_bs": 0.31198433026082384,
    "ess": 2786.0142790202867,
    "H": 11.985800055271149,
    "Herr": 0.11075705821021178,
    "posterior": {
        "mean": [
            448.17616998330465,
            38.12918927824385,
            18.880504107605123,
            23.961434291062083,
            0.8615077184401203
        ],
        "stdev": [
            151.97499678433408,
            15.551222604823945,
            16.985494517823764,
            7.365875944236912,
            0.11400283324540968
        ],
        "median": [
            428.156563898697,
            35.27836673518287,
            13.981393424067429,
            23.186741405591786,
            0.8928602503248343
        ],
        "errlo": [
            301.22875492152986,
            23.459596456448338,
            4.368889680993653,
            16.697261274985063,
            0.7434449505428599
        ],
        "errup": [
            596.584943683471,
            52.56471908949411,
            34.049966582637474,
            31.079350458948532,
            0.9702398085936568
        ],
        "information_gain_bits": [
            -3.540048347404734,
            2.951607606385946,
            2.9556043019725333,
            3.6592495207964677,
            -1.2607299906187772
        ]
    },
    "maximum_likelihood": {
        "logl": -5.6695112533013585,
        "point": [
            327.70975497802186,
            24.570905001799417,
            2.422264278750905,
            17.20403809916847,
            0.9643490304180858
        ],
        "point_untransformed": [
            0.32091894442224433,
            0.023594499501300718,
            0.001423687966717623,
            0.016220258357525996,
            0.9643490304180858
        ]
    },
    "ncall": 31756,
    "paramnames": [
        "pFat",
        "pLiver",
        "pSlow",
        "kMet",
        "fAbs"
    ],
    "logzerr_single": 0.17310257114837396,
    "insertion_order_MWW_test": {
        "independent_iterations": Infinity,
        "converged": true
    }
}