{
    "niter": 7343,
    "logz": -18.068917856617333,
    "logzerr": 0.295282361482897,
    "logz_bs": -18.051386125339754,
    "logz_single": -18.068917856617333,
    "logzerr_tail": 0.009936067710686558,
    "logzerr_bs": 0.29511514288725493,
    "ess": 2637.8306293548503,
    "H": 10.045320024445719,
    "Herr": 0.0973782631677101,
    "posterior": {
        "mean": [
            539.9025692841996,
            110.19741225627942,
            29.322043296805678,
            49.32673300222361,
            0.8520898427467061
        ],
        "stdev": [
            170.08606505356747,
            45.471260296297956,
            25.414810769475153,
            15.244570039850975,
            0.1187036905310499
        ],
        "median": [
            521.9335356441989,
            102.3193843326931,
            22.836417295967806,
            47.669164967349836,
            0.8792976582993748
        ],
        "errlo": [
            367.8564005557696,
            68.6248974398669,
            6.67983182205342,
            34.0395766517777,
            0.7300325934018986
        ],
        "errup": [
            716.9327515580118,
            149.79118021702638,
            51.20744397656632,
            64.27134120200873,
            0.9678792875501798
        ],
        "information_gain_bits": [
            -3.668269210051245,
            0.9601853943571041,
            2.408535490598443,
            3.042131848248523,
            -1.4361644842342993
        ]
    },
    "maximum_likelihood": {
        "logl": -5.154079510232754,
        "point": [
            447.87598165071637,
            73.6104657942619,
            7.1749348391834555,
            38.68180669543725,
            0.9829351609825734
        ],
        "point_untransformed": [
            0.44229897136435997,
            0.0726831489432051,
            0.006181115955138594,
            0.03771952622165891,
            0.9829351609825734
        ]
    },
    "ncall": 28898,
    "paramnames": [
        "pFat",
        "pLiver",
        "pSlow",
        "kMet",
        "fAbs"
    ],
    "logzerr_single": 0.15847176423929374,
    "insertion_order_MWW_test": {
        "independent_iterations": Infinity,
        "converged": true
    }
}