{
    "niter": 8321,
    "logz": -20.25048406912192,
    "logzerr": 0.3080121540441129,
    "logz_bs": -20.243911442683984,
    "logz_single": -20.25048406912192,
    "logzerr_tail": 0.009947352444861224,
    "logzerr_bs": 0.3078514856521437,
    "ess": 2781.4110855578183,
    "H": 12.332690284927118,
    "Herr": 0.13116589138396825,
    "posterior": {
        "mean": [
            342.29185528430315,
            39.365506044023604,
            16.14983633637344,
            20.734977964273085,
            0.8452779985431709
        ],
        "stdev": [
            120.4895632082436,
            16.711158222916804,
            14.665922486291217,
            6.6400568529934185,
            0.12292928063313248
        ],
        "median": [
            322.9825357244194,
            36.29276874274065,
            11.997654058552776,
            19.88569522991388,
            0.8726816420363971
        ],
        "errlo": [
            227.59914692596072,
            24.17330161122048,
            3.942912400412061,
            14.471510921824141,
            0.7221016752247794
        ],
        "errup": [
            457.08773909126904,
            54.466671317094324,
            28.897288970778277,
            26.98899182604827,
            0.9651967760796437
        ],
        "information_gain_bits": [
            -2.8375145217209674,
            2.8801324614501222,
            3.1467828486660814,
            3.708081052490924,
            -1.5855162552507815
        ]
    },
    "maximum_likelihood": {
        "logl": -4.8875067369488265,
        "point": [
            258.42633533608296,
            24.042353693581884,
            1.35030087298087,
            13.872187536872975,
            0.848107757181709
        ],
        "point_untransformed": [
            0.2509356922586697,
            0.02306541911269458,
            0.00035065152450537533,
            0.012885072609482457,
            0.848107757181709
        ]
    },
    "ncall": 31579,
    "paramnames": [
        "pFat",
        "pLiver",
        "pSlow",
        "kMet",
        "fAbs"
    ],
    "logzerr_single": 0.17558965149551894,
    "insertion_order_MWW_test": {
        "independent_iterations": Infinity,
        "converged": true
    }
}