"pFat_mean","pFat_stdev","pFat_median","pFat_errlo","pFat_errup","pLiver_mean","pLiver_stdev","pLiver_median","pLiver_errlo","pLiver_errup","pSlow_mean","pSlow_stdev","pSlow_median","pSlow_errlo","pSlow_errup","kMet_mean","kMet_stdev","kMet_median","kMet_errlo","kMet_errup","fAbs_mean","fAbs_stdev","fAbs_median","fAbs_errlo","fAbs_errup"
6.867212496298284350e+02,1.679458694751538417e+02,6.899303977806558805e+02,5.056905024540677687e+02,8.735429712196906848e+02,8.407733595074449795e+01,3.345167070175801882e+01,7.822950597925040483e+01,5.335573181892434746e+01,1.143471753140206886e+02,6.691084634309891044e+01,4.746548233449654930e+01,5.790930828426719756e+01,1.964513181622163529e+01,1.147557858175050001e+02,1.144638515792144489e+02,3.547168634355733730e+01,1.113020585656303467e+02,7.930777938732038024e+01,1.489121246728421113e+02,8.318498709426106474e-01,1.324518448998642517e-01,8.635418204612381743e-01,6.966605975379015492e-01,9.606299653189646071e-01
