{
    "niter": 6593,
    "logz": -16.7077414753257,
    "logzerr": 0.15751616242429725,
    "logz_bs": -16.740382898208765,
    "logz_single": -16.7077414753257,
    "logzerr_tail": 0.009940016304927468,
    "logzerr_bs": 0.15720221849813498,
    "ess": 2318.6544653545957,
    "H": 8.661612506132096,
    "Herr": 0.08857461325039703,
    "posterior": {
        "mean": [
            686.7212496298284,
            84.0773359507445,
            66.91084634309891,
            114.46385157921445,
            0.8318498709426106
        ],
        "stdev": [
            167.94586947515384,
            33.45167070175802,
            47.46548233449655,
            35.47168634355734,
            0.13245184489986425
        ],
        "median": [
            689.9303977806559,
            78.2295059792504,
            57.9093082842672,
            111.30205856563035,
            0.8635418204612382
        ],
        "errlo": [
            505.69050245406777,
            53.35573181892435,
            19.645131816221635,
            79.30777938732038,
            0.6966605975379015
        ],
        "errup": [
            873.5429712196907,
            114.34717531402069,
            114.755785817505,
            148.9121246728421,
            0.9606299653189646
        ],
        "information_gain_bits": [
            -3.189381131911521,
            1.6981794911595496,
            1.222044737486267,
            1.7847055817529212,
            -1.975126378913239
        ]
    },
    "maximum_likelihood": {
        "logl": -5.694372900909052,
        "point": [
            568.6885118311296,
            56.450977819927616,
            41.360380268773234,
            92.91859382622422,
            0.9804216199866017
        ],
        "point_untransformed": [
            0.5643318301324541,
            0.05550648430423185,
            0.04040078104982306,
            0.09201060443065488,
            0.9804216199866017
        ]
    },
    "ncall": 26095,
    "paramnames": [
        "pFat",
        "pLiver",
        "pSlow",
        "kMet",
        "fAbs"
    ],
    "logzerr_single": 0.1471530878552341,
    "insertion_order_MWW_test": {
        "independent_iterations": Infinity,
        "converged": true
    }
}