"pFat_mean","pFat_stdev","pFat_median","pFat_errlo","pFat_errup","pLiver_mean","pLiver_stdev","pLiver_median","pLiver_errlo","pLiver_errup","pSlow_mean","pSlow_stdev","pSlow_median","pSlow_errlo","pSlow_errup","kMet_mean","kMet_stdev","kMet_median","kMet_errlo","kMet_errup","fAbs_mean","fAbs_stdev","fAbs_median","fAbs_errlo","fAbs_errup"
1.608920285339324892e+02,6.765833945200215283e+01,1.471545540257997118e+02,9.975157208316723256e+01,2.201883157721949260e+02,3.126567879409777788e+02,1.282791545147049419e+02,2.884273393154145992e+02,1.936053778609760343e+02,4.295490342260906118e+02,6.201649036177868766e+02,1.611606791936438299e+02,6.329226271877450927e+02,4.562214779023949518e+02,7.793835969116388469e+02,7.189717389985679574e+02,2.020444518991754137e+02,7.603383985882577463e+02,4.906861384671678934e+02,9.259920606446161173e+02,5.075019037743693229e-01,1.992104908217373072e-01,4.975789305009507002e-01,2.974314973127598627e-01,7.179723744051460521e-01
