{
    "niter": 4945,
    "logz": -21.879964866127906,
    "logzerr": 0.1729417727142104,
    "logz_bs": -21.898763657785626,
    "logz_single": -21.879964866127906,
    "logzerr_tail": 0.00994550472462663,
    "logzerr_bs": 0.1726555637253142,
    "ess": 2163.406031630083,
    "H": 4.8362782231260795,
    "Herr": 0.0825729574420021,
    "posterior": {
        "mean": [
            160.8920285339325,
            312.6567879409778,
            620.1649036177869,
            718.971738998568,
            0.5075019037743693
        ],
        "stdev": [
            67.65833945200215,
            128.27915451470494,
            161.16067919364383,
            202.0444518991754,
            0.1992104908217373
        ],
        "median": [
            147.1545540257997,
            288.4273393154146,
            632.9226271877451,
            760.3383985882577,
            0.4975789305009507
        ],
        "errlo": [
            99.75157208316723,
            193.60537786097603,
            456.22147790239495,
            490.6861384671679,
            0.29743149731275986
        ],
        "errup": [
            220.18831577219493,
            429.5490342260906,
            779.3835969116388,
            925.9920606446161,
            0.717972374405146
        ],
        "information_gain_bits": [
            -0.41540541958074395,
            -3.112282242912929,
            -3.999739169597353,
            -4.003052143113044,
            -4.52620008371636
        ]
    },
    "maximum_likelihood": {
        "logl": -15.032948993828679,
        "point": [
            127.83847126244275,
            241.71239227811975,
            654.0608303247415,
            750.0669232693743,
            0.553508623785048
        ],
        "point_untransformed": [
            0.11902875885095228,
            0.2409533456237435,
            0.6537145448696111,
            0.7498167400093837,
            0.553508623785048
        ]
    },
    "ncall": 32383,
    "paramnames": [
        "pFat",
        "pLiver",
        "pSlow",
        "kMet",
        "fAbs"
    ],
    "logzerr_single": 0.10995769894743705,
    "insertion_order_MWW_test": {
        "independent_iterations": Infinity,
        "converged": true
    }
}