{
    "niter": 5309,
    "logz": -17.630294724346594,
    "logzerr": 0.16342299235641983,
    "logz_bs": -17.616643606308408,
    "logz_single": -17.630294724346594,
    "logzerr_tail": 0.009934329595658653,
    "logzerr_bs": 0.16312076362686412,
    "ess": 2189.7060719577853,
    "H": 5.614830293681729,
    "Herr": 0.06946051937318058,
    "posterior": {
        "mean": [
            110.98421202961589,
            202.2111417486223,
            629.904742244881,
            684.7830646904238,
            0.5736155001001905
        ],
        "stdev": [
            48.53101337767243,
            88.773806460898,
            168.07872372278902,
            205.4114737941566,
            0.21519536331083058
        ],
        "median": [
            100.97750006952216,
            183.79804602404715,
            647.2847867780719,
            712.7950523047192,
            0.575777218798716
        ],
        "errlo": [
            66.89927159764271,
            122.9011632776066,
            455.4446141192811,
            455.08842833906965,
            0.33587692608053954
        ],
        "errup": [
            152.05689114044554,
            282.27060556450317,
            796.218448206363,
            905.7335380047238,
            0.8123590592448523
        ],
        "information_gain_bits": [
            0.654351996573386,
            -1.5874101701675105,
            -4.176936485971407,
            -4.368399150540033,
            -4.737947446320512
        ]
    },
    "maximum_likelihood": {
        "logl": -9.535461914005522,
        "point": [
            102.71792792861675,
            156.73226151630334,
            40.57991304606029,
            41.29486558044255,
            0.0311208546863051
        ],
        "point_untransformed": [
            0.09365447265516844,
            0.1558881496659693,
            0.03961953257863893,
            0.04033520078122377,
            0.0311208546863051
        ]
    },
    "ncall": 47947,
    "paramnames": [
        "pFat",
        "pLiver",
        "pSlow",
        "kMet",
        "fAbs"
    ],
    "logzerr_single": 0.11847816564331305,
    "insertion_order_MWW_test": {
        "independent_iterations": Infinity,
        "converged": true
    }
}