{
    "niter": 5773,
    "logz": -14.310698241354405,
    "logzerr": 0.2529204297877127,
    "logz_bs": -14.321912419270044,
    "logz_single": -14.310698241354405,
    "logzerr_tail": 0.00994888758302892,
    "logzerr_bs": 0.25272467912703256,
    "ess": 2498.050666860964,
    "H": 6.383432130326826,
    "Herr": 0.09507995420832067,
    "posterior": {
        "mean": [
            487.919515146292,
            151.32653988737135,
            216.0639929568289,
            192.9725737330054,
            0.741699015519737
        ],
        "stdev": [
            171.49028540030486,
            61.44015618072097,
            108.95014620501736,
            73.40607087541038,
            0.1939496108167555
        ],
        "median": [
            463.8465963385576,
            141.10429731337928,
            203.69018489220247,
            184.8432090228394,
            0.7795700924839036
        ],
        "errlo": [
            319.33140304477644,
            94.79985721840025,
            111.754574948744,
            120.75322302042662,
            0.5333555043045506
        ],
        "errup": [
            671.9919540727525,
            207.05307270607426,
            313.26117109767705,
            267.01975262639223,
            0.9430980578911373
        ],
        "information_gain_bits": [
            -3.870027482158055,
            -0.04186887323681951,
            -2.30302160060526,
            -0.4514726942953148,
            -3.6458099421090058
        ]
    },
    "maximum_likelihood": {
        "logl": -5.266901930493633,
        "point": [
            289.4076637280077,
            88.73242406576783,
            7.982153745352882,
            29.23416919264917,
            0.18048015073585955
        ],
        "point_untransformed": [
            0.282229963361624,
            0.08782024431007791,
            0.006989142888241123,
            0.028262431624273443,
            0.18048015073585955
        ]
    },
    "ncall": 26014,
    "paramnames": [
        "pFat",
        "pLiver",
        "pSlow",
        "kMet",
        "fAbs"
    ],
    "logzerr_single": 0.12632727467105853,
    "insertion_order_MWW_test": {
        "independent_iterations": Infinity,
        "converged": true
    }
}