{
    "niter": 8021,
    "logz": -23.36802908831696,
    "logzerr": 0.377178590916551,
    "logz_bs": -23.335595807198242,
    "logz_single": -23.36802908831696,
    "logzerr_tail": 0.009941458218776233,
    "logzerr_bs": 0.37704755251066047,
    "ess": 2787.7002397530596,
    "H": 11.327279180554344,
    "Herr": 0.08972354917657868,
    "posterior": {
        "mean": [
            314.3169282120386,
            30.1523080852459,
            8.471271768874288,
            16.407070901989524,
            0.8920481358791512
        ],
        "stdev": [
            97.65456927318013,
            12.07537840484055,
            7.669226771460797,
            4.507370285218413,
            0.09367500009375794
        ],
        "median": [
            304.39947611901806,
            28.19948606830448,
            6.18478508582453,
            15.93986730900868,
            0.9174796837288349
        ],
        "errlo": [
            215.93934180347438,
            18.79270119824232,
            2.3682314549055232,
            11.812940288831047,
            0.8011557252681059
        ],
        "errup": [
            416.19407612519126,
            41.188637450060384,
            14.248239696872904,
            20.89847035013925,
            0.979046065708207
        ],
        "information_gain_bits": [
            -3.6738879446738006,
            3.253003531940998,
            -0.7211823136968397,
            3.9038074656525685,
            -0.5449376230365448
        ]
    },
    "maximum_likelihood": {
        "logl": -8.508011960754564,
        "point": [
            241.9634706732021,
            19.832213928926514,
            1.1930325179004089,
            12.830023051442089,
            0.995399429536951
        ],
        "point_untransformed": [
            0.39315842486983404,
            0.018851064993920433,
            0.0019498234131354424,
            0.011841864916358446,
            0.995399429536951
        ]
    },
    "ncall": 30088,
    "paramnames": [
        "pFat",
        "pLiver",
        "pSlow",
        "kMet",
        "fAbs"
    ],
    "logzerr_single": 0.1682801175165559,
    "insertion_order_MWW_test": {
        "independent_iterations": Infinity,
        "converged": true
    }
}