{
    "niter": 8344,
    "logz": -23.048585616152078,
    "logzerr": 0.27318228750432494,
    "logz_bs": -23.063772764933216,
    "logz_single": -23.048585616152078,
    "logzerr_tail": 0.009939550856724821,
    "logzerr_bs": 0.27300140573788667,
    "ess": 2827.4780694378655,
    "H": 12.25858807814067,
    "Herr": 0.145009915309713,
    "posterior": {
        "mean": [
            381.02903349580316,
            31.71339451352659,
            18.121708110751236,
            23.006327281768503,
            0.8458010034668897
        ],
        "stdev": [
            136.40937792682044,
            13.106606167922862,
            16.61899784897388,
            7.432932326429117,
            0.12311775644807886
        ],
        "median": [
            361.14129707331983,
            28.937897201964514,
            13.221932931822895,
            21.97566505851212,
            0.8747260193832027
        ],
        "errlo": [
            249.77383563979024,
            19.930042028177997,
            4.199879395788871,
            15.73121525236673,
            0.7166745936431378
        ],
        "errup": [
            510.1340888150776,
            43.651002252211384,
            31.969512601507446,
            30.35377805503866,
            0.9668019587648703
        ],
        "information_gain_bits": [
            -3.310130908783192,
            3.1475919813030857,
            2.9701992748915136,
            3.660631876586724,
            -1.5727507256768616
        ]
    },
    "maximum_likelihood": {
        "logl": -7.5867726836247495,
        "point": [
            292.16857312655293,
            21.55788774764817,
            2.318944347343235,
            17.240718083959347,
            0.9614404049297522
        ],
        "point_untransformed": [
            0.2850187607338919,
            0.020578466213862032,
            0.0013202646119551903,
            0.016256975059018366,
            0.9614404049297522
        ]
    },
    "ncall": 33202,
    "paramnames": [
        "pFat",
        "pLiver",
        "pSlow",
        "kMet",
        "fAbs"
    ],
    "logzerr_single": 0.1750613326675873,
    "insertion_order_MWW_test": {
        "independent_iterations": Infinity,
        "converged": true
    }
}