{
    "niter": 8475,
    "logz": -23.887385251586565,
    "logzerr": 0.3094513750980707,
    "logz_bs": -23.839380084452266,
    "logz_single": -23.887385251586565,
    "logzerr_tail": 0.00994734515107254,
    "logzerr_bs": 0.30929145457728424,
    "ess": 2927.5818623329974,
    "H": 12.430793721408214,
    "Herr": 0.10264766121873377,
    "posterior": {
        "mean": [
            453.1789545048261,
            26.459485536243722,
            16.76668853068597,
            26.04253913728745,
            0.8715699154269269
        ],
        "stdev": [
            151.15569706840435,
            11.044024963962858,
            15.658153554849896,
            7.868451054755272,
            0.10643306243880796
        ],
        "median": [
            434.4521944423036,
            24.606242902127935,
            12.316750078273465,
            25.140887014130552,
            0.8979924091941333
        ],
        "errlo": [
            304.5587149768354,
            16.31100701202077,
            3.955078289210996,
            18.404900178532493,
            0.7630283886903504
        ],
        "errup": [
            606.0320301609254,
            36.239953827738375,
            29.11250096705498,
            33.90316910004113,
            0.9744245460996489
        ],
        "information_gain_bits": [
            -3.539143062031057,
            3.339126051046663,
            3.0216999052607867,
            3.618189983585311,
            -1.1102978069596263
        ]
    },
    "maximum_likelihood": {
        "logl": -8.00788939751774,
        "point": [
            329.37780305350157,
            16.439992775387275,
            1.036233630170459,
            18.175101368259906,
            0.979412443696815
        ],
        "point_untransformed": [
            0.3226038414681834,
            0.015455448223610883,
            3.6269900070529625e-05,
            0.017192293661921827,
            0.979412443696815
        ]
    },
    "ncall": 34247,
    "paramnames": [
        "pFat",
        "pLiver",
        "pSlow",
        "kMet",
        "fAbs"
    ],
    "logzerr_single": 0.17628665378729194,
    "insertion_order_MWW_test": {
        "independent_iterations": Infinity,
        "converged": true
    }
}