{
    "niter": 5227,
    "logz": -20.074285644158827,
    "logzerr": 0.24022347342660594,
    "logz_bs": -20.09407586081744,
    "logz_single": -20.074285644158827,
    "logzerr_tail": 0.009950344599786831,
    "logzerr_bs": 0.24001730734988413,
    "ess": 2343.0640907218635,
    "H": 5.07267926474735,
    "Herr": 0.08714935459222181,
    "posterior": {
        "mean": [
            487.3406839105596,
            62.386985909406896,
            62.05683285002282,
            434.7819296529886,
            0.4485717570056454
        ],
        "stdev": [
            80.42563215117666,
            23.071369179849007,
            26.615405148458933,
            211.34069853555926,
            0.23819428214018654
        ],
        "median": [
            501.7673782155433,
            58.04827546150716,
            66.88309969261175,
            398.3813645505628,
            0.40779910651827156
        ],
        "errlo": [
            399.21225393211085,
            41.38996449694967,
            30.68589708879832,
            218.43494252819065,
            0.2038109208614255
        ],
        "errup": [
            569.864736573517,
            84.01931287203267,
            90.57167946322384,
            669.0765572135866,
            0.729799685145186
        ],
        "information_gain_bits": [
            -2.1236643719240615,
            2.4173232587605593,
            -5.040775260351449,
            -4.554201102428044,
            -4.752839651717448
        ]
    },
    "maximum_likelihood": {
        "logl": -12.4607531925815,
        "point": [
            592.1787707146299,
            60.48223484743529,
            88.34434891011215,
            247.57254950596527,
            0.19681596457445097
        ],
        "point_untransformed": [
            0.9867436791773389,
            0.05954177662405935,
            0.8822661506071934,
            0.2468193688748401,
            0.19681596457445097
        ]
    },
    "ncall": 21062,
    "paramnames": [
        "pFat",
        "pLiver",
        "pSlow",
        "kMet",
        "fAbs"
    ],
    "logzerr_single": 0.1126130461441674,
    "insertion_order_MWW_test": {
        "independent_iterations": Infinity,
        "converged": true
    }
}