{
    "niter": 6814,
    "logz": -33.49920918973345,
    "logzerr": 0.21567952747849592,
    "logz_bs": -33.48698888764875,
    "logz_single": -33.49920918973345,
    "logzerr_tail": 0.009941114449112831,
    "logzerr_bs": 0.21545030242925378,
    "ess": 2640.0771112772522,
    "H": 8.808397598366536,
    "Herr": 0.08916489522658617,
    "posterior": {
        "mean": [
            171.17077382949856,
            25.02290609691747,
            72.08717871555712,
            172.90422042991196,
            0.09888295497239723
        ],
        "stdev": [
            70.06852977391631,
            10.750915654857874,
            21.56413240927136,
            107.82269609722681,
            0.08457370867943553
        ],
        "median": [
            160.52808545867111,
            23.1236196040686,
            77.02483089334282,
            150.70170156206103,
            0.07694464170688688
        ],
        "errlo": [
            105.55013241170404,
            15.08048520689511,
            49.32419262546104,
            85.6098910838696,
            0.04007954825193498
        ],
        "errup": [
            237.14162665845546,
            34.82409187811171,
            93.84899624264591,
            249.20635582015117,
            0.14738618912950174
        ],
        "information_gain_bits": [
            -2.861919301756771,
            3.3712106319947384,
            -4.49095497478011,
            -2.6381265006069845,
            -1.6067876431365
        ]
    },
    "maximum_likelihood": {
        "logl": -21.94786229637633,
        "point": [
            140.2539755000037,
            20.418402133685273,
            78.41369921152179,
            102.93676216805393,
            0.05424459131067614
        ],
        "point_untransformed": [
            0.22076945000000625,
            0.019437839973658933,
            0.7819565576921392,
            0.10203880096902296,
            0.05424459131067614
        ]
    },
    "ncall": 49295,
    "paramnames": [
        "pFat",
        "pLiver",
        "pSlow",
        "kMet",
        "fAbs"
    ],
    "logzerr_single": 0.14839472361211614,
    "insertion_order_MWW_test": {
        "independent_iterations": Infinity,
        "converged": true
    }
}