{
    "niter": 4450,
    "logz": -30.793480814869024,
    "logzerr": 0.14428285612435582,
    "logz_bs": -30.799554266583662,
    "logz_single": -30.793480814869024,
    "logzerr_tail": 0.009932529105451948,
    "logzerr_bs": 0.14394056911437758,
    "ess": 2102.643067525834,
    "H": 3.4413466903262773,
    "Herr": 0.07299922304146211,
    "posterior": {
        "mean": [
            262.480544516885,
            143.09157459063533,
            331.19800325043764,
            438.3020605360453,
            0.4972677391479102
        ],
        "stdev": [
            118.90189837689489,
            69.08083381710364,
            109.80329700510228,
            167.2450719633514,
            0.2236797688434131
        ],
        "median": [
            243.23698579162527,
            127.38065390355393,
            343.2013674005143,
            433.97464827153533,
            0.4786834865211024
        ],
        "errlo": [
            144.24356199583534,
            80.02405277226681,
            212.3368443258643,
            260.6763714947337,
            0.2574380253609013
        ],
        "errup": [
            391.7990424376965,
            203.94672960263281,
            453.03570056947217,
            618.648620942933,
            0.7470622810494698
        ],
        "information_gain_bits": [
            -4.4765186296971455,
            -1.4449242837902296,
            -4.543552129560268,
            -4.6482553427607165,
            -4.742660637329506
        ]
    },
    "maximum_likelihood": {
        "logl": -24.893628409999575,
        "point": [
            170.21303423732797,
            102.38542933136966,
            54.755061571131854,
            70.16086174913008,
            0.08987549185750202
        ],
        "point_untransformed": [
            0.2715475156564881,
            0.12689039966379181,
            0.1077255742908454,
            0.0865592762817648,
            0.08987549185750202
        ]
    },
    "ncall": 29486,
    "paramnames": [
        "pFat",
        "pLiver",
        "pSlow",
        "kMet",
        "fAbs"
    ],
    "logzerr_single": 0.09275433534781916,
    "insertion_order_MWW_test": {
        "independent_iterations": Infinity,
        "converged": true
    }
}