{
    "niter": 7402,
    "logz": -22.886267068277927,
    "logzerr": 0.24653773413177915,
    "logz_bs": -22.886415018679894,
    "logz_single": -22.886267068277927,
    "logzerr_tail": 0.009935115640416825,
    "logzerr_bs": 0.246337467365489,
    "ess": 2683.158824976754,
    "H": 10.223991546084534,
    "Herr": 0.11333793404975323,
    "posterior": {
        "mean": [
            516.9686065097632,
            39.42670666982338,
            43.6112119901837,
            45.7267160629965,
            0.8129532915819112
        ],
        "stdev": [
            174.03674281275184,
            16.624090119991266,
            37.61363823911987,
            15.904630295984122,
            0.15003883889010103
        ],
        "median": [
            489.8297809837304,
            36.209180930435366,
            33.00255126396033,
            43.787747063970954,
            0.8503429697043917
        ],
        "errlo": [
            345.3023706156746,
            24.184339654904374,
            10.773393440253033,
            30.21230036490583,
            0.6505182528981515
        ],
        "errup": [
            699.861663819218,
            54.74778035662703,
            76.7861265614651,
            61.24640992449079,
            0.9622524120707556
        ],
        "information_gain_bits": [
            -3.827750150456512,
            2.890019492400796,
            1.5222131764938729,
            3.0528523760046826,
            -2.432981582431463
        ]
    },
    "maximum_likelihood": {
        "logl": -9.811329805451493,
        "point": [
            382.8806892590899,
            26.66666463476801,
            1.24577153304568,
            23.682217658833938,
            0.6290283683942657
        ],
        "point_untransformed": [
            0.37664716086776756,
            0.02569235699175977,
            0.0002460175505962763,
            0.022704922581415352,
            0.6290283683942657
        ]
    },
    "ncall": 29112,
    "paramnames": [
        "pFat",
        "pLiver",
        "pSlow",
        "kMet",
        "fAbs"
    ],
    "logzerr_single": 0.15987488503580333,
    "insertion_order_MWW_test": {
        "independent_iterations": Infinity,
        "converged": true
    }
}