{
    "niter": 7986,
    "logz": -21.348971004218686,
    "logzerr": 0.33448957183853384,
    "logz_bs": -21.31580890800484,
    "logz_single": -21.348971004218686,
    "logzerr_tail": 0.00994538479084639,
    "logzerr_bs": 0.33434168598918035,
    "ess": 2383.7969245615955,
    "H": 12.078465908042672,
    "Herr": 0.13704262076226922,
    "posterior": {
        "mean": [
            270.4636006085482,
            44.93306403111883,
            68.83140105039264,
            49.812805376736094,
            0.011209636721514094
        ],
        "stdev": [
            109.0212985121213,
            19.34207104431182,
            23.433917876296935,
            16.710309739852246,
            0.004941531943018287
        ],
        "median": [
            248.857881889217,
            41.280636145922536,
            73.85469834851315,
            49.35255268720004,
            0.010336857591983727
        ],
        "errlo": [
            165.4049962366038,
            27.403300810197717,
            42.17202303414989,
            31.957307059126354,
            0.006508316297155052
        ],
        "errup": [
            388.73908898549945,
            62.50590694463459,
            92.71838467826085,
            66.58863856666034,
            0.016062745824516837
        ],
        "information_gain_bits": [
            -4.107404397449134,
            2.7034055498952254,
            -4.769604225220906,
            3.084682101698065,
            3.8779760264810825
        ]
    },
    "maximum_likelihood": {
        "logl": -6.877970729160185,
        "point": [
            204.53892721702871,
            34.341455671253804,
            53.123654999650284,
            34.7147156320149,
            0.007886234893538641
        ],
        "point_untransformed": [
            0.3297269952830995,
            0.03337483050175556,
            0.5265015656530332,
            0.033748464096111014,
            0.007886234893538641
        ]
    },
    "ncall": 92734,
    "paramnames": [
        "pFat",
        "pLiver",
        "pSlow",
        "kMet",
        "fAbs"
    ],
    "logzerr_single": 0.1737704369854282,
    "insertion_order_MWW_test": {
        "independent_iterations": Infinity,
        "converged": true
    }
}