{
    "niter": 4602,
    "logz": -10.951142070395138,
    "logzerr": 0.22307237605345714,
    "logz_bs": -10.914582363428497,
    "logz_single": -10.951142070395138,
    "logzerr_tail": 0.009933783343038627,
    "logzerr_bs": 0.22285108235462658,
    "ess": 1877.6250034364396,
    "H": 4.285102808772739,
    "Herr": 0.06552584057776735,
    "posterior": {
        "mean": [
            769.3421518245908,
            94.97261409518649,
            492.8228338402184,
            617.6332425958516,
            0.7011379982233823
        ],
        "stdev": [
            153.86341605385874,
            36.435728643234015,
            254.69037433427607,
            199.44923409896506,
            0.19736054514575294
        ],
        "median": [
            789.1289704119653,
            89.820736513853,
            493.5974994949263,
            625.4116897127533,
            0.7335659830648733
        ],
        "errlo": [
            598.7566295588094,
            60.43338539324587,
            198.75411558613348,
            397.90412357492073,
            0.48768615235124124
        ],
        "errup": [
            935.2931978708384,
            130.28644641309612,
            772.5372162580454,
            835.7120870141,
            0.9048550168159979
        ],
        "information_gain_bits": [
            -2.5357742268980847,
            1.5618988905671745,
            -5.120075213668445,
            -4.203250159058856,
            -3.9497935083430202
        ]
    },
    "maximum_likelihood": {
        "logl": -4.703539839390813,
        "point": [
            935.161576603575,
            76.72136089558735,
            2.7600540268078544,
            117.36605192489296,
            0.14830274599926818
        ],
        "point_untransformed": [
            0.9345066430339142,
            0.075797158053641,
            0.0017618158426505048,
            0.1164825344593523,
            0.14830274599926818
        ]
    },
    "ncall": 20529,
    "paramnames": [
        "pFat",
        "pLiver",
        "pSlow",
        "kMet",
        "fAbs"
    ],
    "logzerr_single": 0.10350244935233101,
    "insertion_order_MWW_test": {
        "independent_iterations": Infinity,
        "converged": true
    }
}