{
    "niter": 4670,
    "logz": -10.707825797200892,
    "logzerr": 0.15002181999291106,
    "logz_bs": -10.70515770707522,
    "logz_single": -10.707825797200892,
    "logzerr_tail": 0.009937463285581316,
    "logzerr_bs": 0.1496923287861911,
    "ess": 1926.4374135084904,
    "H": 4.441949961476465,
    "Herr": 0.07449430801897952,
    "posterior": {
        "mean": [
            750.8590996362606,
            85.39912729298781,
            569.3889719017321,
            636.8759384183912,
            0.6668851950964193
        ],
        "stdev": [
            158.81576064956826,
            31.73921095425298,
            243.80913416345365,
            204.50653084059303,
            0.21019592323941264
        ],
        "median": [
            768.8273268532674,
            79.9647341229129,
            589.0167614282082,
            651.9686123389951,
            0.6939880957261348
        ],
        "errlo": [
            579.7844589178918,
            56.84503350405301,
            291.4455929256485,
            412.5913665415334,
            0.4352830042786366
        ],
        "errup": [
            919.9234332712317,
            114.46021234400524,
            834.160202600511,
            862.3464313029822,
            0.8904544405089508
        ],
        "information_gain_bits": [
            -2.755836801456711,
            1.911244091603496,
            -5.0438657519518895,
            -4.231856128313567,
            -4.199841713772401
        ]
    },
    "maximum_likelihood": {
        "logl": -4.236164203039603,
        "point": [
            907.0869815059774,
            70.39575653497438,
            43.343182969122516,
            128.40848971909995,
            0.13162151748281703
        ],
        "point_untransformed": [
            0.906148466167654,
            0.06946522175673112,
            0.04238556853766018,
            0.1275360257448448,
            0.13162151748281703
        ]
    },
    "ncall": 26093,
    "paramnames": [
        "pFat",
        "pLiver",
        "pSlow",
        "kMet",
        "fAbs"
    ],
    "logzerr_single": 0.10537967025803015,
    "insertion_order_MWW_test": {
        "independent_iterations": Infinity,
        "converged": true
    }
}