{
    "niter": 7554,
    "logz": -20.770385229751124,
    "logzerr": 0.22961580387950456,
    "logz_bs": -20.75642911922657,
    "logz_single": -20.770385229751124,
    "logzerr_tail": 0.009936404076839267,
    "logzerr_bs": 0.2294007089467094,
    "ess": 2691.9590212206704,
    "H": 10.549071171861122,
    "Herr": 0.08906211607973544,
    "posterior": {
        "mean": [
            472.45856908829404,
            32.33127073621282,
            43.01751195691909,
            36.777734020539285,
            0.795713530272523
        ],
        "stdev": [
            166.35428300880744,
            13.796885563767995,
            34.63399537201818,
            12.970109437938953,
            0.1531990851715124
        ],
        "median": [
            448.25550422728395,
            29.888533338687772,
            34.88461672720639,
            35.007118821408206,
            0.8267751834219755
        ],
        "errlo": [
            308.4315995888354,
            19.509705702373413,
            11.875657411098121,
            24.281206632718256,
            0.6316064340884708
        ],
        "errup": [
            647.6775475486652,
            45.407476875582454,
            71.81721658066736,
            49.40605068942755,
            0.9509517567735996
        ],
        "information_gain_bits": [
            -3.7279233605553688,
            3.131648940801645,
            1.788030583336403,
            3.2597001596520854,
            -2.544084990279843
        ]
    },
    "maximum_likelihood": {
        "logl": -7.250096578543168,
        "point": [
            329.4451207177197,
            18.730144549810266,
            1.273146387122582,
            16.67393399196323,
            0.5604667013734355
        ],
        "point_untransformed": [
            0.32267183910880776,
            0.017747892442252517,
            0.0002734198069295115,
            0.01568962361557881,
            0.5604667013734355
        ]
    },
    "ncall": 29129,
    "paramnames": [
        "pFat",
        "pLiver",
        "pSlow",
        "kMet",
        "fAbs"
    ],
    "logzerr_single": 0.16239666846845352,
    "insertion_order_MWW_test": {
        "independent_iterations": Infinity,
        "converged": true
    }
}