{
    "niter": 9362,
    "logz": -24.725036687231597,
    "logzerr": 0.52359332830207,
    "logz_bs": -24.69173381795226,
    "logz_single": -24.725036687231597,
    "logzerr_tail": 0.009945748621657202,
    "logzerr_bs": 0.5234988591456471,
    "ess": 2904.158301217322,
    "H": 14.757754048504363,
    "Herr": 0.15161335252675873,
    "posterior": {
        "mean": [
            222.89138789293565,
            23.52558342984927,
            8.30849818837508,
            12.486386010731646,
            0.8653247016358523
        ],
        "stdev": [
            78.18504161994227,
            9.914478550161895,
            7.45802697744823,
            3.7873925034131046,
            0.10589364528606346
        ],
        "median": [
            211.01999618729405,
            21.581091696833667,
            6.143695763849196,
            11.92885396525215,
            0.8897874585124942
        ],
        "errlo": [
            148.25895409346927,
            14.642396762955537,
            2.438019412574211,
            8.956661170089262,
            0.7597668305747112
        ],
        "errup": [
            296.8633655194084,
            32.280535113467124,
            13.976038218314349,
            15.977979905719579,
            0.9681925893950573
        ],
        "information_gain_bits": [
            -0.944531971395449,
            3.435336256325088,
            3.681607329437045,
            3.96599504230216,
            -1.070246866646363
        ]
    },
    "maximum_likelihood": {
        "logl": -6.719454303231986,
        "point": [
            160.18373135108752,
            14.89591633245725,
            1.1989007891975265,
            9.241868618565043,
            0.9962447795386198
        ],
        "point_untransformed": [
            0.15170073873847223,
            0.013909826158615867,
            0.00019909988908661325,
            0.008250118737302345,
            0.9962447795386198
        ]
    },
    "ncall": 35962,
    "paramnames": [
        "pFat",
        "pLiver",
        "pSlow",
        "kMet",
        "fAbs"
    ],
    "logzerr_single": 0.1920791116213861,
    "insertion_order_MWW_test": {
        "independent_iterations": Infinity,
        "converged": true
    }
}