{
    "niter": 5033,
    "logz": -16.49961538120713,
    "logzerr": 0.14038127109697465,
    "logz_bs": -16.53279079718995,
    "logz_single": -16.49961538120713,
    "logzerr_tail": 0.009929398045034787,
    "logzerr_bs": 0.14002966946067374,
    "ess": 2203.9401466936133,
    "H": 4.9867266552179625,
    "Herr": 0.06591010467776492,
    "posterior": {
        "mean": [
            130.4732034215374,
            225.39643063563489,
            348.745171362664,
            716.9597124424026,
            0.5297669709132599
        ],
        "stdev": [
            54.622815648002536,
            97.36450496512654,
            155.0990554020565,
            201.023996438477,
            0.20463704842659208
        ],
        "median": [
            119.28460360891201,
            205.6819293574428,
            328.83564245550446,
            751.5738321074738,
            0.5205481502533712
        ],
        "errlo": [
            82.08146449215695,
            137.50685326506527,
            193.3330718989085,
            499.8972940807801,
            0.31507284426572013
        ],
        "errup": [
            179.77533388773878,
            314.71601667699844,
            507.6063312437894,
            928.8054965732779,
            0.749209561289712
        ],
        "information_gain_bits": [
            0.32338175630278476,
            -1.8508135741167473,
            -3.968366459783815,
            -4.086676362514421,
            -4.575989667331302
        ]
    },
    "maximum_likelihood": {
        "logl": -9.355989223822558,
        "point": [
            97.167027434929,
            167.32243611876123,
            110.70388513917341,
            236.4121286070479,
            0.1939893341713686
        ],
        "point_untransformed": [
            0.08804750245952424,
            0.16648892504380502,
            0.10981369883801143,
            0.23564777638343132,
            0.1939893341713686
        ]
    },
    "ncall": 31185,
    "paramnames": [
        "pFat",
        "pLiver",
        "pSlow",
        "kMet",
        "fAbs"
    ],
    "logzerr_single": 0.11165489974938363,
    "insertion_order_MWW_test": {
        "independent_iterations": Infinity,
        "converged": true
    }
}