{
    "niter": 6860,
    "logz": -39.87861461279446,
    "logzerr": 0.1926499306272244,
    "logz_bs": -39.88404127135838,
    "logz_single": -39.87861461279446,
    "logzerr_tail": 0.009949752133842082,
    "logzerr_bs": 0.19239282263938406,
    "ess": 2610.855516353907,
    "H": 8.763477459492236,
    "Herr": 0.09014490941853852,
    "posterior": {
        "mean": [
            329.90355162335806,
            25.2861235796218,
            27.680418778207333,
            20.062622681051298,
            0.8157508113434094
        ],
        "stdev": [
            105.30950332413508,
            10.459549834631698,
            23.949267478067288,
            8.016745843291227,
            0.15045784263529347
        ],
        "median": [
            317.4705265342832,
            23.256236441341407,
            20.493029153708708,
            19.699858287463783,
            0.8556965182916678
        ],
        "errlo": [
            221.24617361559342,
            15.70096399579745,
            6.172253965392319,
            12.277916256388494,
            0.6583029237537448
        ],
        "errup": [
            443.8384349030975,
            34.68743987371276,
            51.92513744655059,
            27.84200171220466,
            0.9613298865122807
        ],
        "information_gain_bits": [
            -3.761344531764209,
            3.403425061178564,
            -4.6598590159018105,
            3.7175804622731907,
            -2.53740116678652
        ]
    },
    "maximum_likelihood": {
        "logl": -28.105796850880594,
        "point": [
            223.46344067951537,
            15.977780965833224,
            4.554011361281567,
            20.06849416108902,
            0.9988345452108995
        ],
        "point_untransformed": [
            0.36180244182968707,
            0.014992773739572796,
            0.03589910465940978,
            0.01908758174283185,
            0.9988345452108995
        ]
    },
    "ncall": 23530,
    "paramnames": [
        "pFat",
        "pLiver",
        "pSlow",
        "kMet",
        "fAbs"
    ],
    "logzerr_single": 0.14801585607201206,
    "insertion_order_MWW_test": {
        "independent_iterations": Infinity,
        "converged": true
    }
}