"pFat_mean","pFat_stdev","pFat_median","pFat_errlo","pFat_errup","pLiver_mean","pLiver_stdev","pLiver_median","pLiver_errlo","pLiver_errup","pSlow_mean","pSlow_stdev","pSlow_median","pSlow_errlo","pSlow_errup","kMet_mean","kMet_stdev","kMet_median","kMet_errlo","kMet_errup","fAbs_mean","fAbs_stdev","fAbs_median","fAbs_errlo","fAbs_errup"
2.018668603625160074e+02,8.560444068744753565e+01,1.859589067687881254e+02,1.242734053578830071e+02,2.774943003435952846e+02,3.625617838384130920e+01,1.551740465893702847e+01,3.322948248875037791e+01,2.264286550814756538e+01,4.947473500467452112e+01,6.549648045930954368e+02,2.416100084195123827e+02,7.041127206051627354e+02,4.171703100470535333e+02,8.926177708538807565e+02,7.177368911945105765e+02,1.908034450973176774e+02,7.485547152906252677e+02,5.088400425332845316e+02,9.169936919210849737e+02,4.209392579095473375e-01,1.847648815965585722e-01,3.993689564784975721e-01,2.330402762347641432e-01,6.108594578712182033e-01
