{
    "niter": 5629,
    "logz": -21.254565897937912,
    "logzerr": 0.23255825673657488,
    "logz_bs": -21.21521199418017,
    "logz_single": -21.254565897937912,
    "logzerr_tail": 0.009950921392405832,
    "logzerr_bs": 0.23234526450908533,
    "ess": 2291.644477463621,
    "H": 6.321878208201683,
    "Herr": 0.1068178312800636,
    "posterior": {
        "mean": [
            201.866860362516,
            36.25617838384131,
            654.9648045930954,
            717.7368911945106,
            0.42093925790954734
        ],
        "stdev": [
            85.60444068744754,
            15.517404658937028,
            241.61000841951238,
            190.80344509731768,
            0.18476488159655857
        ],
        "median": [
            185.95890676878813,
            33.22948248875038,
            704.1127206051627,
            748.5547152906253,
            0.39936895647849757
        ],
        "errlo": [
            124.27340535788301,
            22.642865508147565,
            417.17031004705353,
            508.84004253328453,
            0.23304027623476414
        ],
        "errup": [
            277.4943003435953,
            49.47473500467452,
            892.6177708538808,
            916.993691921085,
            0.6108594578712182
        ],
        "information_gain_bits": [
            -1.4294777172232749,
            2.916794098802845,
            -4.840684307934133,
            -3.9640708413150394,
            -4.3731442006398185
        ]
    },
    "maximum_likelihood": {
        "logl": -12.621324678824847,
        "point": [
            149.43180387481826,
            29.74128261855469,
            944.3195279825071,
            963.166823933028,
            0.5439371052674855
        ],
        "point_untransformed": [
            0.14084020593415986,
            0.028770052671225916,
            0.9442637917742814,
            0.9631299538869149,
            0.5439371052674855
        ]
    },
    "ncall": 31841,
    "paramnames": [
        "pFat",
        "pLiver",
        "pSlow",
        "kMet",
        "fAbs"
    ],
    "logzerr_single": 0.125716727289984,
    "insertion_order_MWW_test": {
        "independent_iterations": Infinity,
        "converged": true
    }
}