{
    "niter": 5772,
    "logz": -19.949293666540463,
    "logzerr": 0.18491259055945025,
    "logz_bs": -19.980280493908637,
    "logz_single": -19.949293666540463,
    "logzerr_tail": 0.009939536168591445,
    "logzerr_bs": 0.18464525926262,
    "ess": 2225.1371961952486,
    "H": 6.756788679454637,
    "Herr": 0.08260244290843088,
    "posterior": {
        "mean": [
            191.752478305086,
            34.02799435988061,
            731.7915410075557,
            695.3997733447932,
            0.3460319645218186
        ],
        "stdev": [
            84.2643797135138,
            14.380920555739472,
            187.41114320381882,
            201.54081336081012,
            0.1588430845234353
        ],
        "median": [
            176.06308202269494,
            31.14329357263601,
            764.8888287553607,
            724.0054881404254,
            0.32645558643046085
        ],
        "errlo": [
            113.3608319786888,
            20.808873698610935,
            545.2034263322723,
            476.88092554192895,
            0.1859008634289249
        ],
        "errup": [
            270.2480568454075,
            47.11266213011297,
            921.3778441762744,
            909.3644631207164,
            0.5033634811559924
        ],
        "information_gain_bits": [
            -1.2098198461916505,
            3.046499768431523,
            -4.264193915736716,
            -4.182203479581898,
            -4.037713544800313
        ]
    },
    "maximum_likelihood": {
        "logl": -10.979653395673267,
        "point": [
            144.27866817800208,
            27.097401642748935,
            994.972947802311,
            958.8291794806079,
            0.47597184403098713
        ],
        "point_untransformed": [
            0.13563501836161826,
            0.026123525167916852,
            0.994967915718029,
            0.9587879674480559,
            0.47597184403098713
        ]
    },
    "ncall": 36874,
    "paramnames": [
        "pFat",
        "pLiver",
        "pSlow",
        "kMet",
        "fAbs"
    ],
    "logzerr_single": 0.12996911824982346,
    "insertion_order_MWW_test": {
        "independent_iterations": Infinity,
        "converged": true
    }
}