{
    "niter": 4804,
    "logz": -8.161801758085275,
    "logzerr": 0.13492604049187404,
    "logz_bs": -8.171148605542683,
    "logz_single": -8.161801758085275,
    "logzerr_tail": 0.009950037750066087,
    "logzerr_bs": 0.13455866063389266,
    "ess": 2172.6878001358236,
    "H": 4.531694421316589,
    "Herr": 0.07759149526122736,
    "posterior": {
        "mean": [
            270.5466703015571,
            60.14470951939286,
            458.4345048634704,
            693.2437015099159,
            0.3671953404516515
        ],
        "stdev": [
            186.42750829088237,
            47.92984172318515,
            266.3860326779743,
            212.39120635295748,
            0.22305430521730268
        ],
        "median": [
            217.03917843825414,
            45.44496941288227,
            445.3800044023109,
            726.0167385752313,
            0.31659900623211207
        ],
        "errlo": [
            105.54849991359718,
            23.39483113992643,
            160.41643974677422,
            454.0006669432046,
            0.149127198811881
        ],
        "errup": [
            441.42124039528784,
            95.89620263290473,
            770.0755607718376,
            917.9883263309806,
            0.6164983588348679
        ],
        "information_gain_bits": [
            -4.233419805298204,
            0.7433540334622044,
            -5.13989733265478,
            -4.208113869347545,
            -4.752675878156567
        ]
    },
    "maximum_likelihood": {
        "logl": -1.6523094993799252,
        "point": [
            87.00258424493767,
            19.58631210093131,
            75.45036226005077,
            324.1831767105348,
            0.32101037792258735
        ],
        "point_untransformed": [
            0.07778038812619967,
            0.01860491701794926,
            0.07452488714719796,
            0.3235066833939287,
            0.32101037792258735
        ]
    },
    "ncall": 31783,
    "paramnames": [
        "pFat",
        "pLiver",
        "pSlow",
        "kMet",
        "fAbs"
    ],
    "logzerr_single": 0.10643888412272778,
    "insertion_order_MWW_test": {
        "independent_iterations": Infinity,
        "converged": true
    }
}