{
    "niter": 7629,
    "logz": -19.342972068011466,
    "logzerr": 0.26434786667239635,
    "logz_bs": -19.31930465381638,
    "logz_single": -19.342972068011466,
    "logzerr_tail": 0.009945888338229736,
    "logzerr_bs": 0.2641606971512047,
    "ess": 2556.5294891267113,
    "H": 10.923735602144232,
    "Herr": 0.08986480125848016,
    "posterior": {
        "mean": [
            143.4879227878636,
            43.89706784750421,
            37.78563693544242,
            47.19351078388418,
            0.7507003703485651
        ],
        "stdev": [
            57.84633577246437,
            18.51142400287346,
            27.56538693870559,
            18.499783978487013,
            0.18755882883450836
        ],
        "median": [
            134.43866346082436,
            40.36680656688207,
            32.040810091676654,
            45.12872623684854,
            0.78922215600833
        ],
        "errlo": [
            88.97961358032555,
            27.13019370082579,
            13.042216592806415,
            29.334921320994443,
            0.5502973799312758
        ],
        "errup": [
            193.17849042943976,
            60.72102838133737,
            64.30664718262481,
            65.15550048418083,
            0.9425063104153578
        ],
        "information_gain_bits": [
            0.17740194878638488,
            2.7049892142868295,
            2.301220084376354,
            2.860200081146101,
            -3.4650463158857465
        ]
    },
    "maximum_likelihood": {
        "logl": -5.514024262634338,
        "point": [
            102.61841458137549,
            28.068359874553916,
            2.456503804353199,
            14.613318587162153,
            0.31640281998454933
        ],
        "point_untransformed": [
            0.09355395412260151,
            0.027095455329883802,
            0.001457961766119318,
            0.013626945532694848,
            0.31640281998454933
        ]
    },
    "ncall": 33852,
    "paramnames": [
        "pFat",
        "pLiver",
        "pSlow",
        "kMet",
        "fAbs"
    ],
    "logzerr_single": 0.16525537511790828,
    "insertion_order_MWW_test": {
        "independent_iterations": Infinity,
        "converged": true
    }
}