{
    "niter": 6243,
    "logz": -24.623996202905676,
    "logzerr": 0.21541486401377014,
    "logz_bs": -24.622662536957115,
    "logz_single": -24.623996202905676,
    "logzerr_tail": 0.009932213555504887,
    "logzerr_bs": 0.2151857680516045,
    "ess": 2168.5386451828763,
    "H": 7.986516238043503,
    "Herr": 0.1355432576547674,
    "posterior": {
        "mean": [
            137.05962596607873,
            783.3284498140675,
            571.9368514833925,
            750.5038675052934,
            0.0332558351449245
        ],
        "stdev": [
            54.521705072914884,
            146.1330319200927,
            135.60242110267086,
            188.99210340514628,
            0.013168569293108202
        ],
        "median": [
            127.96204044574502,
            802.3325488256469,
            587.41356798122,
            794.6687303430604,
            0.032163606501277676
        ],
        "errlo": [
            85.2788399845641,
            624.4764915381564,
            440.5954914803797,
            554.3517857168235,
            0.020035577285956147
        ],
        "errup": [
            187.65560185577672,
            939.61204112769,
            701.742976709379,
            939.0733675839342,
            0.04615684337864935
        ],
        "information_gain_bits": [
            0.43267228412432485,
            -2.4381651787876564,
            -3.414384319751786,
            -3.6861305538883413,
            3.2934420807386444
        ]
    },
    "maximum_likelihood": {
        "logl": -14.469370613628882,
        "point": [
            125.46296177207385,
            999.02811002724,
            663.0513752994402,
            976.480132364133,
            0.03914902342307328
        ],
        "point_untransformed": [
            0.11662925431522611,
            0.9990271371644044,
            0.662714089388829,
            0.9764565889530862,
            0.03914902342307328
        ]
    },
    "ncall": 32533,
    "paramnames": [
        "pFat",
        "pLiver",
        "pSlow",
        "kMet",
        "fAbs"
    ],
    "logzerr_single": 0.14130212523210242,
    "insertion_order_MWW_test": {
        "independent_iterations": Infinity,
        "converged": true
    }
}