{
    "niter": 5603,
    "logz": -22.109299472136176,
    "logzerr": 0.22765056340989542,
    "logz_bs": -22.113670671592505,
    "logz_single": -22.109299472136176,
    "logzerr_tail": 0.009930012383495779,
    "logzerr_bs": 0.22743388902031825,
    "ess": 2183.6347224256974,
    "H": 6.324122692267045,
    "Herr": 0.08469844243236015,
    "posterior": {
        "mean": [
            354.11782986882235,
            80.23714693507321,
            48.61005282811538,
            96.52967889103179,
            0.781267159288809
        ],
        "stdev": [
            101.80010059293197,
            30.976774529463995,
            25.482202381875553,
            28.848021466194915,
            0.15835187446728743
        ],
        "median": [
            344.5439092715807,
            75.21571623599145,
            47.07012427710603,
            94.92345261594413,
            0.8116453927180716
        ],
        "errlo": [
            250.28466449376944,
            51.67900885748924,
            20.565189836672488,
            66.33146347564173,
            0.6066899768690579
        ],
        "errup": [
            468.0775621704587,
            108.11556754789564,
            78.17960751005556,
            125.7602500071211,
            0.9452141684570182
        ],
        "information_gain_bits": [
            -3.5562688235594413,
            1.894615313238186,
            -5.130731382494483,
            2.3242567416619533,
            -2.69956150934193
        ]
    },
    "maximum_likelihood": {
        "logl": -13.541272477265858,
        "point": [
            276.6932985302268,
            56.29621738477985,
            46.43116835151585,
            93.69870995690657,
            0.9689139408569551
        ],
        "point_untransformed": [
            0.45202253988174035,
            0.05535156895373358,
            0.458900690419352,
            0.09279150145836493,
            0.9689139408569551
        ]
    },
    "ncall": 21004,
    "paramnames": [
        "pFat",
        "pLiver",
        "pSlow",
        "kMet",
        "fAbs"
    ],
    "logzerr_single": 0.12573904218924054,
    "insertion_order_MWW_test": {
        "independent_iterations": Infinity,
        "converged": true
    }
}