"pFat_mean","pFat_stdev","pFat_median","pFat_errlo","pFat_errup","pLiver_mean","pLiver_stdev","pLiver_median","pLiver_errlo","pLiver_errup","pSlow_mean","pSlow_stdev","pSlow_median","pSlow_errlo","pSlow_errup","kMet_mean","kMet_stdev","kMet_median","kMet_errlo","kMet_errup","fAbs_mean","fAbs_stdev","fAbs_median","fAbs_errlo","fAbs_errup"
4.760355834286987715e+02,1.843755921840310634e+02,4.481658409018936595e+02,2.936369237294687764e+02,6.669564031887730380e+02,6.196171545854073059e+01,2.648473108456700231e+01,5.753587896028174953e+01,3.719235167816201226e+01,8.774614317568480715e+01,7.150717229355768723e+02,2.269050486100350099e+02,7.675620983028280762e+02,5.001304322096290207e+02,9.299544567633887482e+02,6.379501136768599281e+02,2.159685976112940864e+02,6.482727025966521524e+02,4.008245565741863174e+02,8.798337799111163804e+02,1.475985897907184652e-01,8.485516237535453699e-02,1.324409691211859141e-01,7.244404156387052041e-02,2.158846943131393914e-01
