{
    "niter": 5759,
    "logz": -12.242428321449987,
    "logzerr": 0.1687641785670236,
    "logz_bs": -12.228090289097851,
    "logz_single": -12.242428321449987,
    "logzerr_tail": 0.009933478859171174,
    "logzerr_bs": 0.16847158206996404,
    "ess": 2666.4159687097513,
    "H": 6.00730826019433,
    "Herr": 0.07195232395981446,
    "posterior": {
        "mean": [
            406.30973721100884,
            62.78766677746697,
            738.22754358214,
            257.5223139278403,
            0.10099427675837692
        ],
        "stdev": [
            232.08963547223493,
            48.032972035346354,
            203.60299997474945,
            202.1858429148526,
            0.09214345195987834
        ],
        "median": [
            363.3254355552734,
            49.795547659727916,
            787.0864643462429,
            203.33108031195357,
            0.07368133562994172
        ],
        "errlo": [
            165.70416225412498,
            23.101973419873026,
            521.8107074289716,
            77.01478104373432,
            0.03230386700515776
        ],
        "errup": [
            663.8507467457597,
            103.4892247221524,
            942.2549691235857,
            431.34487782592925,
            0.16288143871724553
        ],
        "information_gain_bits": [
            -4.908159333336934,
            0.7524052274923726,
            -4.387829602623855,
            -4.42431170739642,
            -1.563374598140256
        ]
    },
    "maximum_likelihood": {
        "logl": -3.1122029840873924,
        "point": [
            213.7553433771711,
            25.49203747646723,
            100.77422475708052,
            9.33576009559826,
            0.008489458114511232
        ],
        "point_untransformed": [
            0.2058134781587587,
            0.02451655403049773,
            0.09987409885593646,
            0.008344104199798058,
            0.008489458114511232
        ]
    },
    "ncall": 83424,
    "paramnames": [
        "pFat",
        "pLiver",
        "pSlow",
        "kMet",
        "fAbs"
    ],
    "logzerr_single": 0.1225490540578989,
    "insertion_order_MWW_test": {
        "independent_iterations": Infinity,
        "converged": true
    }
}