{
    "niter": 5491,
    "logz": -23.408493584505642,
    "logzerr": 0.21461249389070974,
    "logz_bs": -23.39987082794498,
    "logz_single": -23.408493584505642,
    "logzerr_tail": 0.009935430390026312,
    "logzerr_bs": 0.21438239143398619,
    "ess": 2315.4834674020344,
    "H": 5.964430483061754,
    "Herr": 0.0925608007610999,
    "posterior": {
        "mean": [
            476.03558342869877,
            61.96171545854073,
            715.0717229355769,
            637.9501136768599,
            0.14759858979071847
        ],
        "stdev": [
            184.37559218403106,
            26.484731084567002,
            226.905048610035,
            215.9685976112941,
            0.08485516237535454
        ],
        "median": [
            448.16584090189366,
            57.53587896028175,
            767.5620983028281,
            648.2727025966522,
            0.13244096912118591
        ],
        "errlo": [
            293.6369237294688,
            37.19235167816201,
            500.130432209629,
            400.8245565741863,
            0.07244404156387052
        ],
        "errup": [
            666.956403188773,
            87.74614317568481,
            929.9544567633887,
            879.8337799111164,
            0.2158846943131394
        ],
        "information_gain_bits": [
            -4.146331555308415,
            2.23989373166452,
            -4.633668641567283,
            -4.426692452097015,
            -1.2262179931256083
        ]
    },
    "maximum_likelihood": {
        "logl": -15.15383360791269,
        "point": [
            370.6705354903705,
            46.397622617741675,
            946.5495684310984,
            699.9168883615881,
            0.15629555699963338
        ],
        "point_untransformed": [
            0.3643136722124955,
            0.0454430656834251,
            0.946496064495594,
            0.6996165048664545,
            0.15629555699963338
        ]
    },
    "ncall": 41689,
    "paramnames": [
        "pFat",
        "pLiver",
        "pSlow",
        "kMet",
        "fAbs"
    ],
    "logzerr_single": 0.12211091764315911,
    "insertion_order_MWW_test": {
        "independent_iterations": Infinity,
        "converged": true
    }
}