{
    "niter": 6477,
    "logz": -51.349361414480015,
    "logzerr": 0.3073305058800247,
    "logz_bs": -51.32837066383784,
    "logz_single": -51.349361414480015,
    "logzerr_tail": 0.009944933463550854,
    "logzerr_bs": 0.30716955927122314,
    "ess": 2354.1758000412133,
    "H": 8.366187731451838,
    "Herr": 0.09000600862433082,
    "posterior": {
        "mean": [
            130.6297157527419,
            188.56846690581614,
            72.13981252633926,
            115.9795974763537,
            0.058955865331720085
        ],
        "stdev": [
            53.530105378146395,
            79.2616099326586,
            21.370119485310635,
            44.216623764411146,
            0.029638593944509708
        ],
        "median": [
            120.8619672342887,
            174.52806066464117,
            77.03199247946168,
            112.03563261790363,
            0.05308458219510982
        ],
        "errlo": [
            81.56571087242952,
            117.65353952747813,
            48.70522887316283,
            72.4952321795392,
            0.0323728355741504
        ],
        "errup": [
            179.29727075529823,
            255.9520127163881,
            93.81323121487594,
            158.10093890600157,
            0.08545737198845581
        ],
        "information_gain_bits": [
            -1.46089000612003,
            -1.1056909414219873,
            -4.5159547627184935,
            1.1430378477979588,
            1.9263516012263484
        ]
    },
    "maximum_likelihood": {
        "logl": -40.61903285959524,
        "point": [
            99.19836832420592,
            149.14787883848993,
            42.20123991803132,
            62.796148523522724,
            0.03289922857027746
        ],
        "point_untransformed": [
            0.15118367512577274,
            0.14829617501350342,
            0.41617414058617497,
            0.06185800653005278,
            0.03289922857027746
        ]
    },
    "ncall": 42635,
    "paramnames": [
        "pFat",
        "pLiver",
        "pSlow",
        "kMet",
        "fAbs"
    ],
    "logzerr_single": 0.14462181484350692,
    "insertion_order_MWW_test": {
        "independent_iterations": Infinity,
        "converged": true
    }
}