{
    "niter": 6554,
    "logz": -17.495706950124553,
    "logzerr": 0.254296606456189,
    "logz_bs": -17.472253977989567,
    "logz_single": -17.495706950124553,
    "logzerr_tail": 0.009948312941713056,
    "logzerr_bs": 0.2541019384513774,
    "ess": 2485.846557990424,
    "H": 8.327623356365068,
    "Herr": 0.09773867448756544,
    "posterior": {
        "mean": [
            176.817837381517,
            74.42600691564783,
            113.77081791661521,
            133.00386664740387,
            0.7281953699899452
        ],
        "stdev": [
            71.32750574352072,
            31.698475385998226,
            71.97872782405237,
            56.75687688345277,
            0.20240242324382443
        ],
        "median": [
            164.86497426236323,
            69.45111754600387,
            99.68706586415342,
            127.74675364645726,
            0.772315619544231
        ],
        "errlo": [
            111.62733561847355,
            45.19963501631884,
            44.88945589928641,
            75.73547680530962,
            0.50047644886045
        ],
        "errup": [
            240.2615678707573,
            102.29570060218614,
            181.45531819210302,
            186.79799713195735,
            0.9378641548404147
        ],
        "information_gain_bits": [
            -0.559846707926136,
            1.7749112443666208,
            -0.10055371899897271,
            0.5314172370811737,
            -3.873858273364851
        ]
    },
    "maximum_likelihood": {
        "logl": -6.3144054531558815,
        "point": [
            128.610500094467,
            48.91956522566353,
            3.42249597788386,
            17.952935091031392,
            0.14541652211929795
        ],
        "point_untransformed": [
            0.11980858595400705,
            0.04796753275842196,
            0.0024249208987826426,
            0.01696990499602742,
            0.14541652211929795
        ]
    },
    "ncall": 33719,
    "paramnames": [
        "pFat",
        "pLiver",
        "pSlow",
        "kMet",
        "fAbs"
    ],
    "logzerr_single": 0.1442881089726824,
    "insertion_order_MWW_test": {
        "independent_iterations": Infinity,
        "converged": true
    }
}