{
    "niter": 8204,
    "logz": -21.745627636106864,
    "logzerr": 0.21085932779952446,
    "logz_bs": -21.773958960249935,
    "logz_single": -21.745627636106864,
    "logzerr_tail": 0.009946646671576076,
    "logzerr_bs": 0.21062459576236137,
    "ess": 2738.924974708983,
    "H": 12.205112686800339,
    "Herr": 0.1023099551372197,
    "posterior": {
        "mean": [
            353.3287963280206,
            26.428712096034378,
            18.706141306799477,
            20.301528310626168,
            0.830410963781097
        ],
        "stdev": [
            125.91164937491469,
            10.99541417915553,
            16.629381384212994,
            6.658144650718969,
            0.12985187687252941
        ],
        "median": [
            332.3177927295701,
            24.434268444376038,
            14.019775492713391,
            19.419504020461247,
            0.8576674078419256
        ],
        "errlo": [
            233.75780251263242,
            16.39858617339337,
            4.662944764742097,
            13.835401839868782,
            0.6941079916355704
        ],
        "errup": [
            471.99103350145253,
            36.44682772745606,
            32.23739570695595,
            26.798323971758723,
            0.9614229944779036
        ],
        "information_gain_bits": [
            -2.999223856513677,
            3.3244988992485194,
            2.9807681393215955,
            3.720739413749841,
            -1.8240823200973038
        ]
    },
    "maximum_likelihood": {
        "logl": -6.66813374245761,
        "point": [
            258.5524638794943,
            17.813726704878736,
            2.588548163432511,
            13.364357126276163,
            0.8018878154500788
        ],
        "point_untransformed": [
            0.25106309482777206,
            0.016830557262140878,
            0.0015901383017342453,
            0.0123767338601363,
            0.8018878154500788
        ]
    },
    "ncall": 31080,
    "paramnames": [
        "pFat",
        "pLiver",
        "pSlow",
        "kMet",
        "fAbs"
    ],
    "logzerr_single": 0.17467908208197352,
    "insertion_order_MWW_test": {
        "independent_iterations": Infinity,
        "converged": true
    }
}