{
    "niter": 8328,
    "logz": -21.9954214698911,
    "logzerr": 0.17767782535146334,
    "logz_bs": -21.993102000154998,
    "logz_single": -21.9954214698911,
    "logzerr_tail": 0.00994932840627527,
    "logzerr_bs": 0.1773990430805341,
    "ess": 2768.216934077007,
    "H": 12.450399120229521,
    "Herr": 0.10348664125286783,
    "posterior": {
        "mean": [
            375.69307947676333,
            30.012908928696305,
            19.0799149864614,
            22.55926573977219,
            0.8366357967550592
        ],
        "stdev": [
            134.66022985450758,
            12.677988520358495,
            17.48742184875332,
            7.337431170912276,
            0.12457854478028944
        ],
        "median": [
            352.95027811177033,
            27.477068228419416,
            14.188537197494385,
            21.53979469537903,
            0.8618529353084532
        ],
        "errlo": [
            252.19412064476663,
            18.482260100905236,
            4.2762623490669345,
            15.493246436325867,
            0.7020002928836757
        ],
        "errup": [
            498.98968295540055,
            41.74367146460818,
            33.04938601642299,
            29.778634173238977,
            0.9621078429861043
        ],
        "information_gain_bits": [
            -3.272167178009321,
            3.186806707921337,
            2.925466354749403,
            3.669857744997842,
            -1.727547654134449
        ]
    },
    "maximum_likelihood": {
        "logl": -6.631642287692598,
        "point": [
            277.3821902618161,
            19.7142606728369,
            4.442495299557589,
            16.052121705640843,
            0.8830489411507965
        ],
        "point_untransformed": [
            0.2700830204664809,
            0.018732993666503404,
            0.0034459412407983874,
            0.015067188894535379,
            0.8830489411507965
        ]
    },
    "ncall": 31626,
    "paramnames": [
        "pFat",
        "pLiver",
        "pSlow",
        "kMet",
        "fAbs"
    ],
    "logzerr_single": 0.17642561548872035,
    "insertion_order_MWW_test": {
        "independent_iterations": Infinity,
        "converged": true
    }
}