{
    "niter": 7148,
    "logz": -21.271221802744826,
    "logzerr": 0.3274709770943164,
    "logz_bs": -21.280336887457302,
    "logz_single": -21.271221802744826,
    "logzerr_tail": 0.0099354301576291,
    "logzerr_bs": 0.3273202225141141,
    "ess": 2604.9987729190702,
    "H": 9.702198330642972,
    "Herr": 0.11114133306888786,
    "posterior": {
        "mean": [
            480.1960084214335,
            35.86975904903226,
            67.03053954642735,
            69.70242696927166,
            0.7858888149056316
        ],
        "stdev": [
            170.32002313658464,
            15.362447060422713,
            44.61364806485874,
            26.038061150963003,
            0.16244136285579996
        ],
        "median": [
            456.58221704638834,
            32.889819224332676,
            59.78506779564583,
            66.58175966399928,
            0.8157555514857412
        ],
        "errlo": [
            309.6386344325793,
            21.643848556053605,
            24.60598607797158,
            44.53530432748003,
            0.6027394679140735
        ],
        "errup": [
            659.5258342280814,
            49.73148668797161,
            107.24785439510885,
            95.0624873231672,
            0.954966356801616
        ],
        "information_gain_bits": [
            -3.8728077406020716,
            3.0003238215983177,
            1.238926388360285,
            2.3664027387988122,
            -2.588093692532578
        ]
    },
    "maximum_likelihood": {
        "logl": -8.822928600753581,
        "point": [
            317.3428366454087,
            23.939476891874428,
            2.942874615903371,
            23.2998662886419,
            0.37828174723134556
        ],
        "point_untransformed": [
            0.3104473097428371,
            0.022962439331205634,
            0.00194481943533871,
            0.02232218847711902,
            0.37828174723134556
        ]
    },
    "ncall": 28833,
    "paramnames": [
        "pFat",
        "pLiver",
        "pSlow",
        "kMet",
        "fAbs"
    ],
    "logzerr_single": 0.15574176006006685,
    "insertion_order_MWW_test": {
        "independent_iterations": Infinity,
        "converged": true
    }
}