{
    "niter": 6394,
    "logz": -45.734719451624066,
    "logzerr": 0.22961053646479973,
    "logz_bs": -45.752546196988796,
    "logz_single": -45.734719451624066,
    "logzerr_tail": 0.009932143955296624,
    "logzerr_bs": 0.22939562108310696,
    "ess": 2203.139986489041,
    "H": 8.360881992945522,
    "Herr": 0.0937923581425325,
    "posterior": {
        "mean": [
            116.01468118237655,
            35.07438732382142,
            62.650861392288604,
            63.777529083509435,
            0.6872691219316991
        ],
        "stdev": [
            45.7969826233244,
            13.51795004117415,
            22.638162007687647,
            23.57015842814919,
            0.2029992086624802
        ],
        "median": [
            107.11500237644688,
            32.89972227017996,
            63.87116067169679,
            61.95197765339716,
            0.7118022583237231
        ],
        "errlo": [
            73.94875679840412,
            22.845350257061398,
            37.64117278424947,
            40.343672128989404,
            0.45939857862344835
        ],
        "errup": [
            155.84463805368492,
            47.57976589315041,
            87.53767529226083,
            87.44366192351393,
            0.9089475006073945
        ],
        "information_gain_bits": [
            -0.9386092303934244,
            3.07112311717327,
            -4.823605829954818,
            2.5907926217117416,
            -4.0828809758146685
        ]
    },
    "maximum_likelihood": {
        "logl": -35.23334210834922,
        "point": [
            78.98194522134024,
            24.234062508340905,
            34.923518170903314,
            35.43178466963227,
            0.4785624000805889
        ],
        "point_untransformed": [
            0.11691855122261058,
            0.023257319828169074,
            0.3426617997060941,
            0.034466250920552825,
            0.4785624000805889
        ]
    },
    "ncall": 25764,
    "paramnames": [
        "pFat",
        "pLiver",
        "pSlow",
        "kMet",
        "fAbs"
    ],
    "logzerr_single": 0.1445759488378472,
    "insertion_order_MWW_test": {
        "independent_iterations": Infinity,
        "converged": true
    }
}