{
    "niter": 6084,
    "logz": -14.66901236028841,
    "logzerr": 0.20393544018438642,
    "logz_bs": -14.659894507109055,
    "logz_single": -14.66901236028841,
    "logzerr_tail": 0.009932475022200293,
    "logzerr_bs": 0.20369342086364206,
    "ess": 2542.749874045452,
    "H": 7.086056710129258,
    "Herr": 0.08623882688849051,
    "posterior": {
        "mean": [
            538.3548301829173,
            116.70325287072947,
            143.26680492522883,
            138.9362203564171,
            0.76527767473523
        ],
        "stdev": [
            178.84661284272946,
            47.842165500527535,
            83.10949247828239,
            51.688857222592,
            0.17570554068712008
        ],
        "median": [
            517.7949591340202,
            108.08750991106979,
            132.57415353769574,
            133.50322903098743,
            0.8046456782485327
        ],
        "errlo": [
            354.2726146007655,
            73.18293793733636,
            64.21571547085108,
            88.28470988095042,
            0.5759695725800098
        ],
        "errup": [
            733.6496096811879,
            161.24284721682181,
            224.0597408520221,
            190.28542096722848,
            0.9448408547901025
        ],
        "information_gain_bits": [
            -3.9124129796017724,
            0.7976147751218056,
            -0.8657078572817387,
            0.7847369452927861,
            -3.1325704002774852
        ]
    },
    "maximum_likelihood": {
        "logl": -4.899732253341187,
        "point": [
            315.99688497785775,
            71.46615121969198,
            4.718137457848428,
            28.052069093169216,
            0.23800265701647216
        ],
        "point_untransformed": [
            0.3090877626038967,
            0.07053668790759958,
            0.0037218593171655934,
            0.027079148241410625,
            0.23800265701647216
        ]
    },
    "ncall": 27901,
    "paramnames": [
        "pFat",
        "pLiver",
        "pSlow",
        "kMet",
        "fAbs"
    ],
    "logzerr_single": 0.1330982410677284,
    "insertion_order_MWW_test": {
        "independent_iterations": Infinity,
        "converged": true
    }
}