{
    "niter": 5023,
    "logz": -18.499465429746408,
    "logzerr": 0.23459380693822832,
    "logz_bs": -18.50661968120994,
    "logz_single": -18.499465429746408,
    "logzerr_tail": 0.009939772493193999,
    "logzerr_bs": 0.2343831375687131,
    "ess": 2440.3918968815074,
    "H": 4.57125008097573,
    "Herr": 0.07038628525513597,
    "posterior": {
        "mean": [
            309.7116927128778,
            250.39977143944253,
            158.66192073460942,
            225.63217187171207,
            0.7512532778506404
        ],
        "stdev": [
            102.73005434789744,
            101.60690467785734,
            81.17853190569377,
            81.74357538981707,
            0.1831046541142195
        ],
        "median": [
            294.40372425244016,
            231.41359622794695,
            146.5148613704193,
            219.8592693254502,
            0.7925326080637596
        ],
        "errlo": [
            209.2070898974401,
            156.11219450668517,
            79.17687568547625,
            144.6015977633509,
            0.5515738716971539
        ],
        "errup": [
            420.49791046256064,
            346.9877028587993,
            236.84190272506575,
            307.11301459817724,
            0.9357907666548358
        ],
        "information_gain_bits": [
            -3.8658397448641217,
            -3.031677606677814,
            -4.102907657198893,
            -1.7803457491094425,
            -3.5027853432120097
        ]
    },
    "maximum_likelihood": {
        "logl": -11.423142326333103,
        "point": [
            225.30227692577893,
            166.58845123901446,
            90.2479672425552,
            158.5205563321168,
            0.7270705408355781
        ],
        "point_untransformed": [
            0.3649191134335236,
            0.20724461982354753,
            0.1788536417686477,
            0.1971471293268045,
            0.7270705408355781
        ]
    },
    "ncall": 20944,
    "paramnames": [
        "pFat",
        "pLiver",
        "pSlow",
        "kMet",
        "fAbs"
    ],
    "logzerr_single": 0.10690240971296823,
    "insertion_order_MWW_test": {
        "independent_iterations": Infinity,
        "converged": true
    }
}