{
    "niter": 6088,
    "logz": -14.67915143712478,
    "logzerr": 0.15401199304583255,
    "logz_bs": -14.654784721700398,
    "logz_single": -14.67915143712478,
    "logzerr_tail": 0.009946097978341228,
    "logzerr_bs": 0.15369049787464029,
    "ess": 2387.1471885231363,
    "H": 7.256620150883477,
    "Herr": 0.08093406749097606,
    "posterior": {
        "mean": [
            527.0021750198918,
            114.23885752589521,
            139.64726914038854,
            136.19554873833434,
            0.7587850898141684
        ],
        "stdev": [
            175.38626531475813,
            47.70666564691546,
            78.6619992395912,
            50.24801611048512,
            0.17112329899350165
        ],
        "median": [
            507.0557384052812,
            106.0826421571725,
            128.47612849633146,
            131.1427833815029,
            0.7880434858060029
        ],
        "errlo": [
            344.4032937222517,
            70.24956224976695,
            64.07879926217736,
            85.99641044588307,
            0.5738954614808056
        ],
        "errup": [
            714.7346023649764,
            156.5311278374665,
            212.43895857446532,
            185.9692883258338,
            0.9371803958361347
        ],
        "information_gain_bits": [
            -3.836441143631896,
            0.783373273648311,
            -0.74009849534929,
            0.9014054049634479,
            -3.0907316324021847
        ]
    },
    "maximum_likelihood": {
        "logl": -4.922054561507225,
        "point": [
            357.6216833078351,
            73.23129544381725,
            52.042743875793946,
            66.50105741449376,
            0.5360633232358203
        ],
        "point_untransformed": [
            0.35113301344225767,
            0.0723035990428601,
            0.05109383771350745,
            0.06556662403853229,
            0.5360633232358203
        ]
    },
    "ncall": 25009,
    "paramnames": [
        "pFat",
        "pLiver",
        "pSlow",
        "kMet",
        "fAbs"
    ],
    "logzerr_single": 0.13469057271096851,
    "insertion_order_MWW_test": {
        "independent_iterations": Infinity,
        "converged": true
    }
}