{
    "niter": 4158,
    "logz": -18.500921169779676,
    "logzerr": 0.15570802068122172,
    "logz_bs": -18.49209538009842,
    "logz_single": -18.500921169779676,
    "logzerr_tail": 0.009939466897495919,
    "logzerr_bs": 0.1553904588520716,
    "ess": 2091.185966079296,
    "H": 2.830737369006199,
    "Herr": 0.04770373583822191,
    "posterior": {
        "mean": [
            345.5136586929239,
            78.33824057858821,
            47.3794052839304,
            93.354613751135,
            0.7758404504407989
        ],
        "stdev": [
            102.10037962317736,
            28.282927528118815,
            24.335161135094605,
            25.87430064379623,
            0.1611565767495191
        ],
        "median": [
            338.3863533947507,
            73.89089703851042,
            46.42387677965284,
            93.37730399824544,
            0.8023200220517606
        ],
        "errlo": [
            237.4358765088318,
            51.43493710459778,
            20.86617403387761,
            65.99256622714863,
            0.5982552595914392
        ],
        "errup": [
            457.60327221015797,
            105.60491694481213,
            74.98518949929456,
            121.07700791500196,
            0.9394020858742412
        ],
        "information_gain_bits": [
            -4.697686094803789,
            -3.7554510126299143,
            -5.091341942023492,
            -4.079298342740099,
            -2.794228237116352
        ]
    },
    "maximum_likelihood": {
        "logl": -13.54584885629956,
        "point": [
            272.57086153923234,
            57.37896664924498,
            50.0230898146312,
            95.8756615701834,
            0.9681451879826153
        ],
        "point_untransformed": [
            0.3451417230784647,
            0.24936298236444726,
            0.4951827254003151,
            0.6133975826441671,
            0.9681451879826153
        ]
    },
    "ncall": 15244,
    "paramnames": [
        "pFat",
        "pLiver",
        "pSlow",
        "kMet",
        "fAbs"
    ],
    "logzerr_single": 0.08412397650203833,
    "insertion_order_MWW_test": {
        "independent_iterations": Infinity,
        "converged": true
    }
}