"pFat_mean","pFat_stdev","pFat_median","pFat_errlo","pFat_errup","pLiver_mean","pLiver_stdev","pLiver_median","pLiver_errlo","pLiver_errup","pSlow_mean","pSlow_stdev","pSlow_median","pSlow_errlo","pSlow_errup","kMet_mean","kMet_stdev","kMet_median","kMet_errlo","kMet_errup","fAbs_mean","fAbs_stdev","fAbs_median","fAbs_errlo","fAbs_errup"
4.016514581042783902e+02,1.506959527674646324e+02,3.814819178957638428e+02,2.532807152267516244e+02,5.498152452763878273e+02,2.614136824781766677e+02,1.091427839469838688e+02,2.430987031369936062e+02,1.615638514983120615e+02,3.573447583001087651e+02,2.383628713094900320e+02,1.427935480683385947e+02,2.086258410929378897e+02,1.048227298497835847e+02,3.787617661372294151e+02,3.226695327722607658e+02,1.262168603119639698e+02,3.101350767506186799e+02,1.973187553181340093e+02,4.449594826551443134e+02,7.344773720475669121e-01,1.955580223626411096e-01,7.698125472730902308e-01,5.198195720131763009e-01,9.399734530758599993e-01
