"pFat_mean","pFat_stdev","pFat_median","pFat_errlo","pFat_errup","pLiver_mean","pLiver_stdev","pLiver_median","pLiver_errlo","pLiver_errup","pSlow_mean","pSlow_stdev","pSlow_median","pSlow_errlo","pSlow_errup","kMet_mean","kMet_stdev","kMet_median","kMet_errlo","kMet_errup","fAbs_mean","fAbs_stdev","fAbs_median","fAbs_errlo","fAbs_errup"
3.958051746038131000e+02,1.499086752758415457e+02,3.711977614777917438e+02,2.521024420007146034e+02,5.434701762085744576e+02,2.441414927595686208e+02,1.025480538485935256e+02,2.220021196601737756e+02,1.507022519522193988e+02,3.384178914919192493e+02,3.095681899697580661e+02,1.719170016532590637e+02,2.861928703338492141e+02,1.414805416196386432e+02,4.769579010535039743e+02,3.711771350915921630e+02,1.465281840205273909e+02,3.589681272840924180e+02,2.228039561364650751e+02,5.128449141128605788e+02,7.257874753996799155e-01,2.012750521620877697e-01,7.659168805479075193e-01,5.032665600897630043e-01,9.324471668650387013e-01
