{
    "niter": 5337,
    "logz": -13.0463185942948,
    "logzerr": 0.2458643175454943,
    "logz_bs": -13.032148996115838,
    "logz_single": -13.0463185942948,
    "logzerr_tail": 0.009929536847330667,
    "logzerr_bs": 0.2456637273593909,
    "ess": 2720.842119608686,
    "H": 4.948979744633423,
    "Herr": 0.07141045534872412,
    "posterior": {
        "mean": [
            336.28607025477066,
            203.05145372216467,
            301.52049840518225,
            316.9280590308334,
            0.7216193117458186
        ],
        "stdev": [
            151.01972356845027,
            95.81785620526624,
            164.04269479946421,
            141.14092558271506,
            0.19978454389616412
        ],
        "median": [
            306.1738231049392,
            183.89069530794117,
            276.767619810779,
            298.7028829272552,
            0.7605967988547427
        ],
        "errlo": [
            194.2681639433637,
            116.74944511881124,
            141.20454563773714,
            180.01704118376992,
            0.5059490365653233
        ],
        "errup": [
            473.6533796699206,
            290.9953887123368,
            461.9225613609747,
            454.7039358828555,
            0.9311269289022844
        ],
        "information_gain_bits": [
            -3.7129215757384917,
            -1.8767840002819527,
            -4.075968945226095,
            -3.5231213913690165,
            -3.920496960425523
        ]
    },
    "maximum_likelihood": {
        "logl": -4.973823106554715,
        "point": [
            194.19523419537393,
            108.30548509354146,
            54.9629020942148,
            58.78161785272217,
            0.2095686153283085
        ],
        "point_untransformed": [
            0.18605579211653933,
            0.107412897991533,
            0.054016919013228026,
            0.057839457310032205,
            0.2095686153283085
        ]
    },
    "ncall": 25470,
    "paramnames": [
        "pFat",
        "pLiver",
        "pSlow",
        "kMet",
        "fAbs"
    ],
    "logzerr_single": 0.11123151244851234,
    "insertion_order_MWW_test": {
        "independent_iterations": Infinity,
        "converged": true
    }
}