{
    "niter": 5025,
    "logz": -13.85681476471036,
    "logzerr": 0.18969569918481408,
    "logz_bs": -13.871254739506947,
    "logz_single": -13.85681476471036,
    "logzerr_tail": 0.00993966139855651,
    "logzerr_bs": 0.18943511137193525,
    "ess": 2438.3805236729977,
    "H": 4.540490969867802,
    "Herr": 0.06432930155467118,
    "posterior": {
        "mean": [
            401.6514581042784,
            261.41368247817667,
            238.36287130949003,
            322.66953277226077,
            0.7344773720475669
        ],
        "stdev": [
            150.69595276746463,
            109.14278394698387,
            142.7935480683386,
            126.21686031196397,
            0.1955580223626411
        ],
        "median": [
            381.48191789576384,
            243.0987031369936,
            208.6258410929379,
            310.1350767506187,
            0.7698125472730902
        ],
        "errlo": [
            253.28071522675162,
            161.56385149831206,
            104.82272984978358,
            197.318755318134,
            0.5198195720131763
        ],
        "errup": [
            549.8152452763878,
            357.34475830010877,
            378.7617661372294,
            444.9594826551443,
            0.93997345307586
        ],
        "information_gain_bits": [
            -3.627072195898429,
            -2.542971484554971,
            -3.412420458694279,
            -3.1159249092672545,
            -3.7204496539455327
        ]
    },
    "maximum_likelihood": {
        "logl": -6.77072026545327,
        "point": [
            255.39780500386397,
            156.4161640588329,
            131.12045276363102,
            218.99729458561106,
            0.7482178117178646
        ],
        "point_untransformed": [
            0.24787657071097371,
            0.15557173579462752,
            0.1302507034670981,
            0.21821551009570678,
            0.7482178117178646
        ]
    },
    "ncall": 21650,
    "paramnames": [
        "pFat",
        "pLiver",
        "pSlow",
        "kMet",
        "fAbs"
    ],
    "logzerr_single": 0.10654213919698396,
    "insertion_order_MWW_test": {
        "independent_iterations": Infinity,
        "converged": true
    }
}