{
    "niter": 8776,
    "logz": -22.94002375367024,
    "logzerr": 0.23558451580365153,
    "logz_bs": -22.958793280568564,
    "logz_single": -22.94002375367024,
    "logzerr_tail": 0.009943108198033457,
    "logzerr_bs": 0.23537459226901092,
    "ess": 2993.0466605945358,
    "H": 13.047819538507829,
    "Herr": 0.11625689860959071,
    "posterior": {
        "mean": [
            340.99269212813476,
            36.06591931849277,
            9.79219246763803,
            17.840136678533785,
            0.8895974522007855
        ],
        "stdev": [
            124.07730792218287,
            15.057401908001957,
            10.011012470309959,
            5.266619390974582,
            0.09499290374426471
        ],
        "median": [
            317.4431450163122,
            32.89634606593789,
            6.621525679089036,
            17.1287029228494,
            0.9164452840696958
        ],
        "errlo": [
            226.04500121119565,
            22.400370999255646,
            2.307320811006576,
            12.751336690096892,
            0.7982997512637574
        ],
        "errup": [
            457.8023673560538,
            49.90339444044216,
            16.84306264180711,
            22.860193594733676,
            0.977918544439122
        ],
        "information_gain_bits": [
            -3.0885999176933754,
            2.9891138828528923,
            3.3898051453433213,
            3.834696878620927,
            -0.6576936627291795
        ]
    },
    "maximum_likelihood": {
        "logl": -6.191336412897439,
        "point": [
            239.0376144753491,
            22.50249760026336,
            1.0822683718809925,
            13.586948421393227,
            0.9983383551609978
        ],
        "point_untransformed": [
            0.23135112573267586,
            0.021524021621885246,
            8.235072260359601e-05,
            0.01259954796936259,
            0.9983383551609978
        ]
    },
    "ncall": 33322,
    "paramnames": [
        "pFat",
        "pLiver",
        "pSlow",
        "kMet",
        "fAbs"
    ],
    "logzerr_single": 0.18060882826226843,
    "insertion_order_MWW_test": {
        "independent_iterations": Infinity,
        "converged": true
    }
}