"pFat_mean","pFat_stdev","pFat_median","pFat_errlo","pFat_errup","pLiver_mean","pLiver_stdev","pLiver_median","pLiver_errlo","pLiver_errup","pSlow_mean","pSlow_stdev","pSlow_median","pSlow_errlo","pSlow_errup","kMet_mean","kMet_stdev","kMet_median","kMet_errlo","kMet_errup","fAbs_mean","fAbs_stdev","fAbs_median","fAbs_errlo","fAbs_errup"
1.369678880411654802e+02,5.273982497489742371e+01,1.272551859086970296e+02,8.994373141884027234e+01,1.846971836594307774e+02,8.052835163340010922e+02,1.428293855406945170e+02,8.348724996058925854e+02,6.481981949047761873e+02,9.507144549412130345e+02,5.583852457276625501e+02,1.302411245605836427e+02,5.768198742148319980e+02,4.315646149576352286e+02,6.785749523450986089e+02,7.510096864657472224e+02,1.899960459826941133e+02,7.957506601485874853e+02,5.421734497240449855e+02,9.407388416404883174e+02,3.937177449102254034e-02,1.518493995963612724e-02,3.848904901947215740e-02,2.447754382645351764e-02,5.374452085013690927e-02
