{
    "niter": 5746,
    "logz": -15.179819756055533,
    "logzerr": 0.2560400210590867,
    "logz_bs": -15.209918910287039,
    "logz_single": -15.179819756055533,
    "logzerr_tail": 0.009951080195609308,
    "logzerr_bs": 0.2558465719662433,
    "ess": 2136.4448556456477,
    "H": 6.885649571331275,
    "Herr": 0.0928710674746894,
    "posterior": {
        "mean": [
            128.2342928989713,
            686.852389152341,
            543.9416242159581,
            751.024513433955,
            0.048559066583266704
        ],
        "stdev": [
            67.64505366861219,
            193.6524770892013,
            151.1383109579006,
            193.99232210941054,
            0.02188747671251317
        ],
        "median": [
            113.20557425412342,
            699.8970654301312,
            544.948998506708,
            798.6648026119093,
            0.045768480687416846
        ],
        "errlo": [
            68.03807517082812,
            470.0867803226921,
            403.42489517442783,
            549.0878973986681,
            0.028115135622833087
        ],
        "errup": [
            185.2342654750823,
            904.8152771633381,
            686.172052745745,
            941.9765610763277,
            0.06900475823326563
        ],
        "information_gain_bits": [
            -0.4530272225480172,
            -3.728744798116043,
            -3.98127099422829,
            -3.946147475346555,
            2.6099619099346194
        ]
    },
    "maximum_likelihood": {
        "logl": -6.308738529872141,
        "point": [
            102.96486439314944,
            797.791005636267,
            601.9720086052921,
            957.0627909149746,
            0.05559383134345054
        ],
        "point_untransformed": [
            0.09390390342742368,
            0.7975885942304974,
            0.6015735821874796,
            0.9570198107257003,
            0.05559383134345054
        ]
    },
    "ncall": 33435,
    "paramnames": [
        "pFat",
        "pLiver",
        "pSlow",
        "kMet",
        "fAbs"
    ],
    "logzerr_single": 0.1312026064082882,
    "insertion_order_MWW_test": {
        "independent_iterations": Infinity,
        "converged": true
    }
}