{
    "niter": 6140,
    "logz": -25.392568331144137,
    "logzerr": 0.31609819111984694,
    "logz_bs": -25.355790365048424,
    "logz_single": -25.392568331144137,
    "logzerr_tail": 0.009932746772619794,
    "logzerr_bs": 0.3159420943318416,
    "ess": 2144.7306829801923,
    "H": 7.752682184726453,
    "Herr": 0.10792573379965137,
    "posterior": {
        "mean": [
            136.96788804116548,
            805.2835163340011,
            558.3852457276626,
            751.0096864657472,
            0.03937177449102254
        ],
        "stdev": [
            52.739824974897424,
            142.82938554069452,
            130.24112456058364,
            189.9960459826941,
            0.015184939959636127
        ],
        "median": [
            127.25518590869703,
            834.8724996058926,
            576.819874214832,
            795.7506601485875,
            0.03848904901947216
        ],
        "errlo": [
            89.94373141884027,
            648.1981949047762,
            431.56461495763523,
            542.173449724045,
            0.024477543826453518
        ],
        "errup": [
            184.69718365943078,
            950.714454941213,
            678.5749523450986,
            940.7388416404883,
            0.05374452085013691
        ],
        "information_gain_bits": [
            0.4738325379078064,
            -2.2458292924817997,
            -3.342312017730119,
            -3.8002083521328567,
            3.1064726649271663
        ]
    },
    "maximum_likelihood": {
        "logl": -15.497226895029815,
        "point": [
            123.6562596126472,
            990.0807900852419,
            636.3703398384254,
            953.3544929561609,
            0.046676762672053534
        ],
        "point_untransformed": [
            0.11480430263903758,
            0.9900708609461881,
            0.6360063461846099,
            0.9533078007569178,
            0.046676762672053534
        ]
    },
    "ncall": 34648,
    "paramnames": [
        "pFat",
        "pLiver",
        "pSlow",
        "kMet",
        "fAbs"
    ],
    "logzerr_single": 0.13921819371697125,
    "insertion_order_MWW_test": {
        "independent_iterations": Infinity,
        "converged": true
    }
}