{
    "niter": 5074,
    "logz": -18.59394853906929,
    "logzerr": 0.328221232861311,
    "logz_bs": -18.569962924085015,
    "logz_single": -18.59394853906929,
    "logzerr_tail": 0.00992729719820673,
    "logzerr_bs": 0.3280710692385682,
    "ess": 2234.573926746925,
    "H": 4.997145214277857,
    "Herr": 0.09011280920153611,
    "posterior": {
        "mean": [
            276.66212197276366,
            215.39396314092886,
            66.7283221112059,
            144.9705586351022,
            0.6005981402577382
        ],
        "stdev": [
            95.76317205584203,
            86.40091205868896,
            23.496480471855957,
            48.420303095514356,
            0.20505604002656508
        ],
        "median": [
            261.3932849099149,
            199.6670925237341,
            70.41062277493955,
            142.92632272047825,
            0.60050444348441
        ],
        "errlo": [
            182.09932434388432,
            135.6342969636243,
            40.930023482353214,
            96.31246798106218,
            0.37289865693279695
        ],
        "errup": [
            373.20190490150753,
            291.16997169832763,
            91.53166917687813,
            193.0444254891118,
            0.8324195503342098
        ],
        "information_gain_bits": [
            -3.7375037882678197,
            -1.4282266147378047,
            -4.82609875993513,
            1.1394296038703131,
            -4.107130461376397
        ]
    },
    "maximum_likelihood": {
        "logl": -11.39912215357004,
        "point": [
            221.22809093149453,
            162.3381726741786,
            93.18632649617639,
            153.74258754740356,
            0.6950704589138872
        ],
        "point_untransformed": [
            0.3580137134432111,
            0.16149967234652512,
            0.9311750151128928,
            0.152895483030434,
            0.6950704589138872
        ]
    },
    "ncall": 21201,
    "paramnames": [
        "pFat",
        "pLiver",
        "pSlow",
        "kMet",
        "fAbs"
    ],
    "logzerr_single": 0.11177147684313134,
    "insertion_order_MWW_test": {
        "independent_iterations": Infinity,
        "converged": true
    }
}