{
    "niter": 5725,
    "logz": -22.864635819726704,
    "logzerr": 0.1773870797947113,
    "logz_bs": -22.88099866326819,
    "logz_single": -22.864635819726704,
    "logzerr_tail": 0.009942854149457503,
    "logzerr_bs": 0.17710820345048361,
    "ess": 2200.599641909588,
    "H": 6.642798555489517,
    "Herr": 0.08178112261654416,
    "posterior": {
        "mean": [
            455.8469478777364,
            56.80325138325348,
            754.8987741270464,
            583.0883318005118,
            0.11222649904962068
        ],
        "stdev": [
            175.4141930701471,
            24.42380599258726,
            188.59181471546108,
            212.55254662810523,
            0.05881212092780472
        ],
        "median": [
            427.38015497109564,
            52.61549286024,
            796.7139645479448,
            579.0535087706756,
            0.10149916073671723
        ],
        "errlo": [
            285.77959072036623,
            34.530932952502106,
            562.1387195195128,
            358.26731544515224,
            0.05633507284539617
        ],
        "errup": [
            638.4830017829629,
            78.12332480287112,
            939.847831767772,
            826.1698817632226,
            0.16967422803521315
        ],
        "information_gain_bits": [
            -3.918826608072235,
            2.3192970109750615,
            -4.105913605333805,
            -4.5997621766191905,
            0.4902166337237869
        ]
    },
    "maximum_likelihood": {
        "logl": -14.044880595478734,
        "point": [
            361.7242603265963,
            46.21490580515311,
            648.3465123823346,
            382.7068754085782,
            0.0697097557323822
        ],
        "point_untransformed": [
            0.3552770306329256,
            0.045260165971124235,
            0.6479945068892238,
            0.38208896437295115,
            0.0697097557323822
        ]
    },
    "ncall": 41179,
    "paramnames": [
        "pFat",
        "pLiver",
        "pSlow",
        "kMet",
        "fAbs"
    ],
    "logzerr_single": 0.12886813566092975,
    "insertion_order_MWW_test": {
        "independent_iterations": Infinity,
        "converged": true
    }
}