"pFat_mean","pFat_stdev","pFat_median","pFat_errlo","pFat_errup","pLiver_mean","pLiver_stdev","pLiver_median","pLiver_errlo","pLiver_errup","pSlow_mean","pSlow_stdev","pSlow_median","pSlow_errlo","pSlow_errup","kMet_mean","kMet_stdev","kMet_median","kMet_errlo","kMet_errup","fAbs_mean","fAbs_stdev","fAbs_median","fAbs_errlo","fAbs_errup"
1.434818590772365781e+02,5.833865112696712885e+01,1.331902506865208125e+02,8.953759820998723740e+01,1.974938776628296750e+02,4.639360908094386815e+01,2.001633580838987569e+01,4.272057124924916849e+01,2.839338513167593092e+01,6.452784228577749559e+01,2.866892675532929147e+01,2.160150723119628324e+01,2.399673055469764904e+01,9.041720040024037175e+00,4.751064543251715122e+01,3.956806279602757570e+01,1.514052792211817788e+01,3.753263771533776350e+01,2.510899807519802351e+01,5.380826033900373062e+01,7.687721670258235163e-01,1.749197934595215775e-01,8.061826820543188665e-01,5.752851496279508536e-01,9.440499144261944586e-01
