{
    "niter": 7950,
    "logz": -20.340039129420862,
    "logzerr": 0.2034872933369428,
    "logz_bs": -20.367909095551806,
    "logz_single": -20.340039129420862,
    "logzerr_tail": 0.009946583014418309,
    "logzerr_bs": 0.20324405043182026,
    "ess": 2643.757071321648,
    "H": 11.650506534733944,
    "Herr": 0.12101235157586616,
    "posterior": {
        "mean": [
            143.48185907723658,
            46.39360908094387,
            28.66892675532929,
            39.568062796027576,
            0.7687721670258235
        ],
        "stdev": [
            58.33865112696713,
            20.016335808389876,
            21.601507231196283,
            15.140527922118178,
            0.17491979345952158
        ],
        "median": [
            133.1902506865208,
            42.72057124924917,
            23.99673055469765,
            37.53263771533776,
            0.8061826820543189
        ],
        "errlo": [
            89.53759820998724,
            28.39338513167593,
            9.041720040024037,
            25.108998075198024,
            0.5752851496279509
        ],
        "errup": [
            197.49387766282968,
            64.5278422857775,
            47.51064543251715,
            53.80826033900373,
            0.9440499144261945
        ],
        "information_gain_bits": [
            0.18733261328422546,
            2.6071488833406256,
            2.6983441519425426,
            3.071234394293987,
            -2.999143738249279
        ]
    },
    "maximum_likelihood": {
        "logl": -5.88842106146249,
        "point": [
            88.06203147014985,
            28.349775094425002,
            3.1580765560897253,
            16.154405179539516,
            0.4632413540797207
        ],
        "point_untransformed": [
            0.0788505368385352,
            0.027377152246671674,
            0.002160236792882608,
            0.015169574754293808,
            0.4632413540797207
        ]
    },
    "ncall": 32176,
    "paramnames": [
        "pFat",
        "pLiver",
        "pSlow",
        "kMet",
        "fAbs"
    ],
    "logzerr_single": 0.17066419172408387,
    "insertion_order_MWW_test": {
        "independent_iterations": Infinity,
        "converged": true
    }
}