{
    "niter": 7705,
    "logz": -18.895490046786986,
    "logzerr": 0.27334348567298683,
    "logz_bs": -18.88179457165,
    "logz_single": -18.895490046786986,
    "logzerr_tail": 0.009947442933711415,
    "logzerr_bs": 0.2731624233655481,
    "ess": 2643.6348739136524,
    "H": 10.995618644159133,
    "Herr": 0.14257739384648965,
    "posterior": {
        "mean": [
            158.59677339623735,
            44.31912312849176,
            37.49174373882875,
            47.47611234468887,
            0.7512656514262317
        ],
        "stdev": [
            65.10675728078611,
            19.311620654894647,
            28.320983536438572,
            18.607963457080785,
            0.18386087288679875
        ],
        "median": [
            148.27231679850223,
            40.71854423838316,
            30.71435919402977,
            45.31620285830013,
            0.7863786923981247
        ],
        "errlo": [
            98.40159723733038,
            26.665465950306274,
            11.644369967491825,
            29.634641991046788,
            0.5430066507707958
        ],
        "errup": [
            217.413708039123,
            60.93728800050929,
            63.76312996131044,
            65.15701845757238,
            0.9433011169263967
        ],
        "information_gain_bits": [
            -0.2498430409605859,
            2.700275946757036,
            2.265118234695776,
            2.8477512426200335,
            -3.3324901385369405
        ]
    },
    "maximum_likelihood": {
        "logl": -4.873822021729222,
        "point": [
            111.75454796896254,
            32.158291995284614,
            1.082939326780549,
            14.85896627450184,
            0.3272335901035746
        ],
        "point_untransformed": [
            0.10278237168582074,
            0.03118948147676137,
            8.30223491296786e-05,
            0.013872839113615455,
            0.3272335901035746
        ]
    },
    "ncall": 32251,
    "paramnames": [
        "pFat",
        "pLiver",
        "pSlow",
        "kMet",
        "fAbs"
    ],
    "logzerr_single": 0.16579821051627136,
    "insertion_order_MWW_test": {
        "independent_iterations": Infinity,
        "converged": true
    }
}