{
    "niter": 7029,
    "logz": -18.332505363124206,
    "logzerr": 0.31423899755194096,
    "logz_bs": -18.339922040921543,
    "logz_single": -18.332505363124206,
    "logzerr_tail": 0.009931034337004263,
    "logzerr_bs": 0.31408203090824216,
    "ess": 2403.577644191352,
    "H": 9.344585980328171,
    "Herr": 0.10069479262880185,
    "posterior": {
        "mean": [
            12.69448754451106,
            96.49191947456133,
            629.3421830769271,
            338.38073063313055,
            0.6204157127273335
        ],
        "stdev": [
            2.705211924546122,
            37.250305226273355,
            206.95383527109917,
            126.28388057441698,
            0.21939787231876828
        ],
        "median": [
            11.884093096075166,
            90.14846141690657,
            639.1860469118047,
            338.33379309480404,
            0.6296600918816022
        ],
        "errlo": [
            10.48837552511128,
            62.79845098625744,
            405.4385678410645,
            206.59948967748863,
            0.37742403295805477
        ],
        "errup": [
            14.959600070512227,
            128.57471105537445,
            856.5904216721602,
            463.24780805558424,
            0.8623280319320948
        ],
        "information_gain_bits": [
            4.083497582198008,
            1.4717859273473068,
            -4.447564557642988,
            -2.587633495160065,
            -4.572795155282982
        ]
    },
    "maximum_likelihood": {
        "logl": -5.719254275454985,
        "point": [
            10.130004690424924,
            61.34509848218615,
            89.06084818945435,
            44.577525318377376,
            0.0970691080899968
        ],
        "point_untransformed": [
            0.00013131786911608546,
            0.060405503986172324,
            0.08814899718664099,
            0.04362114646484222,
            0.0970691080899968
        ]
    },
    "ncall": 34460,
    "paramnames": [
        "pFat",
        "pLiver",
        "pSlow",
        "kMet",
        "fAbs"
    ],
    "logzerr_single": 0.15284457776061416,
    "insertion_order_MWW_test": {
        "independent_iterations": Infinity,
        "converged": true
    }
}