{
    "niter": 4901,
    "logz": -14.037987410829183,
    "logzerr": 0.1890695266250908,
    "logz_bs": -14.023714452206002,
    "logz_single": -14.037987410829183,
    "logzerr_tail": 0.009944064163715183,
    "logzerr_bs": 0.188807842755919,
    "ess": 2479.9491567295267,
    "H": 4.273762079120214,
    "Herr": 0.07889331542207927,
    "posterior": {
        "mean": [
            395.8051746038131,
            244.14149275956862,
            309.56818996975807,
            371.17713509159216,
            0.7257874753996799
        ],
        "stdev": [
            149.90867527584155,
            102.54805384859353,
            171.91700165325906,
            146.5281840205274,
            0.20127505216208777
        ],
        "median": [
            371.19776147779174,
            222.00211966017378,
            286.1928703338492,
            358.9681272840924,
            0.7659168805479075
        ],
        "errlo": [
            252.1024420007146,
            150.7022519522194,
            141.48054161963864,
            222.80395613646508,
            0.503266560089763
        ],
        "errup": [
            543.4701762085745,
            338.41789149191925,
            476.957901053504,
            512.8449141128606,
            0.9324471668650387
        ],
        "information_gain_bits": [
            -3.686176922373335,
            -2.1218601708199487,
            -4.200162931883183,
            -3.7061572505210196,
            -4.019858794177937
        ]
    },
    "maximum_likelihood": {
        "logl": -7.157900382324289,
        "point": [
            263.0565420280607,
            155.276704170904,
            65.84758527165734,
            90.87619224029815,
            0.2506239192949311
        ],
        "point_untransformed": [
            0.2556126687152128,
            0.1544311353062102,
            0.06491249776942676,
            0.08996615839869684,
            0.2506239192949311
        ]
    },
    "ncall": 22819,
    "paramnames": [
        "pFat",
        "pLiver",
        "pSlow",
        "kMet",
        "fAbs"
    ],
    "logzerr_single": 0.10336539652030817,
    "insertion_order_MWW_test": {
        "independent_iterations": Infinity,
        "converged": true
    }
}