{
    "niter": 6773,
    "logz": -17.61212343952521,
    "logzerr": 0.22253029425615614,
    "logz_bs": -17.593600723015903,
    "logz_single": -17.61212343952521,
    "logzerr_tail": 0.009946120962652572,
    "logzerr_bs": 0.22230790930492716,
    "ess": 2683.7641262277307,
    "H": 8.644445133739305,
    "Herr": 0.09012134555453467,
    "posterior": {
        "mean": [
            183.1888941144981,
            80.83044266080911,
            92.67684350192556,
            120.8159424907639,
            0.7458745900784309
        ],
        "stdev": [
            76.33638365586364,
            34.89316455608958,
            60.635255830171424,
            49.407519161330676,
            0.18675465475634068
        ],
        "median": [
            168.88531577136138,
            73.39008485223394,
            80.51742637017543,
            114.26497836798416,
            0.7835344776760356
        ],
        "errlo": [
            112.95167485896776,
            49.60403159710198,
            35.79683278696752,
            72.77249893996878,
            0.5445216269165393
        ],
        "errup": [
            251.80405340103513,
            112.19095541554108,
            151.64028176240512,
            166.6518609404252,
            0.9390217251740706
        ],
        "information_gain_bits": [
            -0.8533375151022168,
            1.5612456048710817,
            0.404754675641103,
            0.8928850016140599,
            -3.3777856496827297
        ]
    },
    "maximum_likelihood": {
        "logl": -6.049332823765243,
        "point": [
            117.10991478746523,
            51.46380048413255,
            7.92329795326985,
            26.966808998808308,
            0.2560724671800602
        ],
        "point_untransformed": [
            0.10819183311865174,
            0.05051431479893148,
            0.006930228181451302,
            0.025992801800608915,
            0.2560724671800602
        ]
    },
    "ncall": 30619,
    "paramnames": [
        "pFat",
        "pLiver",
        "pSlow",
        "kMet",
        "fAbs"
    ],
    "logzerr_single": 0.14700718633573076,
    "insertion_order_MWW_test": {
        "independent_iterations": Infinity,
        "converged": true
    }
}