{
    "niter": 8059,
    "logz": -20.532881173581785,
    "logzerr": 0.20143498569728044,
    "logz_bs": -20.573272670453328,
    "logz_single": -20.532881173581785,
    "logzerr_tail": 0.009933092974733881,
    "logzerr_bs": 0.2011899279954612,
    "ess": 2587.9526599421415,
    "H": 11.910573661247929,
    "Herr": 0.14832155347019438,
    "posterior": {
        "mean": [
            424.6602565959824,
            31.493035989176974,
            21.69984484818509,
            23.796568523020415,
            0.8388633687333903
        ],
        "stdev": [
            143.8615290912735,
            12.425095059239307,
            19.1126232798167,
            7.524469390632819,
            0.1266606419246425
        ],
        "median": [
            403.34137981163957,
            29.665681253472215,
            16.530323015029126,
            22.794510096206174,
            0.8676378793858655
        ],
        "errlo": [
            286.3691281713109,
            19.777210447934873,
            5.36787233722039,
            16.548114332424323,
            0.7037746083755207
        ],
        "errup": [
            563.054667171755,
            42.48737419803705,
            37.63400781510199,
            31.249918538366313,
            0.9662060781341768
        ],
        "information_gain_bits": [
            -3.4652793998819726,
            3.1639222300493755,
            2.8373945746613245,
            3.6299089755226617,
            -1.9394903339630134
        ]
    },
    "maximum_likelihood": {
        "logl": -5.80854980160336,
        "point": [
            326.5144431105736,
            20.781706033852537,
            1.502993613853118,
            16.36485985624178,
            0.8468089922653095
        ],
        "point_untransformed": [
            0.3197115586975491,
            0.01980150754139393,
            0.000503497110964082,
            0.015380240096338116,
            0.8468089922653095
        ]
    },
    "ncall": 30172,
    "paramnames": [
        "pFat",
        "pLiver",
        "pSlow",
        "kMet",
        "fAbs"
    ],
    "logzerr_single": 0.1725584948738248,
    "insertion_order_MWW_test": {
        "independent_iterations": Infinity,
        "converged": true
    }
}