"pFat_mean","pFat_stdev","pFat_median","pFat_errlo","pFat_errup","pLiver_mean","pLiver_stdev","pLiver_median","pLiver_errlo","pLiver_errup","pSlow_mean","pSlow_stdev","pSlow_median","pSlow_errlo","pSlow_errup","kMet_mean","kMet_stdev","kMet_median","kMet_errlo","kMet_errup","fAbs_mean","fAbs_stdev","fAbs_median","fAbs_errlo","fAbs_errup"
1.281550162266318011e+02,5.426347293177698816e+01,1.173181994222944553e+02,7.802499126944894670e+01,1.774093448518394212e+02,2.419734871810546295e+01,1.009889263538642190e+01,2.243737515403144300e+01,1.482904249097791549e+01,3.358216903259647523e+01,7.110781962301846306e+02,2.371439462914317744e+02,7.682513218589103872e+02,4.665665361994040836e+02,9.347762022417790604e+02,5.237768561593587719e+02,2.173436187923470584e+02,5.153818766809806675e+02,2.905878436818555883e+02,7.617087454281481769e+02,5.325657036018147661e-01,2.347884122821554120e-01,5.159003703479285718e-01,2.765480278799387626e-01,8.030447219833145578e-01
