{
    "niter": 2778,
    "logz": -2.1908428766851578,
    "logzerr": 0.08578635025610787,
    "logz_bs": -2.1879357537632758,
    "logz_single": -2.1908428766851578,
    "logzerr_tail": 0.02313460202152351,
    "logzerr_bs": 0.08260803883139545,
    "ess": 1303.5934306912827,
    "H": 1.6384382972512253,
    "Herr": 0.039372258004147814,
    "posterior": {
        "mean": [
            505.1545966761998,
            267.5284025503218,
            488.0632070342324,
            632.2353558119245,
            0.2623329997333236
        ],
        "stdev": [
            289.788758514131,
            262.8409523102442,
            300.652137367697,
            251.76629837115397,
            0.2615978135744058
        ],
        "median": [
            505.3876067606597,
            157.70289787660917,
            491.8650294731417,
            666.6921880382895,
            0.1579186272481673
        ],
        "errlo": [
            168.26940201918876,
            41.1581674123512,
            132.67008086221645,
            347.3929883839974,
            0.035695817291518224
        ],
        "errup": [
            854.6239235928317,
            593.7079542711557,
            847.6508127986124,
            901.6512705884054,
            0.5464949282502934
        ],
        "information_gain_bits": [
            -5.172729179960463,
            -4.639045352565317,
            -5.166896819758705,
            -4.958802447271857,
            -4.64015749238345
        ]
    },
    "maximum_likelihood": {
        "logl": -8.296593602619646e-06,
        "point": [
            150.98608702607973,
            342.6427916386942,
            794.1614499780327,
            98.24939051288828,
            0.013845252985934642
        ],
        "point_untransformed": [
            0.14241018891523205,
            0.34198477641510927,
            0.7939554053834161,
            0.09734673725013843,
            0.013845252985934642
        ]
    },
    "ncall": 93202,
    "paramnames": [
        "pFat",
        "pLiver",
        "pSlow",
        "kMet",
        "fAbs"
    ],
    "logzerr_single": 0.064000747988817,
    "insertion_order_MWW_test": {
        "independent_iterations": Infinity,
        "converged": true
    }
}