{
    "niter": 6266,
    "logz": -12.80289997231005,
    "logzerr": 0.13458481876150788,
    "logz_bs": -12.803703748049331,
    "logz_single": -12.80289997231005,
    "logzerr_tail": 0.009950246007448982,
    "logzerr_bs": 0.13421648946928677,
    "ess": 2380.0195781412453,
    "H": 7.787469410426162,
    "Herr": 0.06351494855641746,
    "posterior": {
        "mean": [
            105.31686215361883,
            18.64275623351324,
            758.0354876292856,
            415.87659005025654,
            0.40006410828817474
        ],
        "stdev": [
            43.66712081488047,
            8.158645708704288,
            191.85762558187443,
            205.77492431292973,
            0.21908646240949792
        ],
        "median": [
            97.78225826757087,
            17.035634171632246,
            805.1118621488775,
            388.81792236761106,
            0.35716650622541657
        ],
        "errlo": [
            65.64976456627532,
            11.488599336518508,
            559.5741919161417,
            208.50537935516613,
            0.1801682225844405
        ],
        "errup": [
            144.61497476278535,
            25.68037390503619,
            946.7393953141794,
            631.5994833697582,
            0.6418188583033212
        ],
        "information_gain_bits": [
            0.9082469001841303,
            3.5776875267196155,
            -4.044386397322373,
            -4.728631761077236,
            -4.803012038288995
        ]
    },
    "maximum_likelihood": {
        "logl": -2.6363324399169357,
        "point": [
            85.53271911348543,
            14.96965775950662,
            352.9443475580756,
            111.45083574290624,
            0.1025395743838367
        ],
        "point_untransformed": [
            0.07629567587220751,
            0.013983641400907527,
            0.3522966442022779,
            0.11056139714004629,
            0.1025395743838367
        ]
    },
    "ncall": 38765,
    "paramnames": [
        "pFat",
        "pLiver",
        "pSlow",
        "kMet",
        "fAbs"
    ],
    "logzerr_single": 0.13953018858320734,
    "insertion_order_MWW_test": {
        "independent_iterations": Infinity,
        "converged": true
    }
}