{
    "niter": 5851,
    "logz": -12.824891982431081,
    "logzerr": 0.2526038631038327,
    "logz_bs": -12.850652199304667,
    "logz_single": -12.824891982431081,
    "logzerr_tail": 0.009926827676782324,
    "logzerr_bs": 0.2524087354812732,
    "ess": 2299.158175254373,
    "H": 6.852674169268723,
    "Herr": 0.09746694182228317,
    "posterior": {
        "mean": [
            128.1550162266318,
            24.197348718105463,
            711.0781962301846,
            523.7768561593588,
            0.5325657036018148
        ],
        "stdev": [
            54.26347293177699,
            10.098892635386422,
            237.14394629143177,
            217.34361879234706,
            0.2347884122821554
        ],
        "median": [
            117.31819942229446,
            22.437375154031443,
            768.2513218589104,
            515.3818766809807,
            0.5159003703479286
        ],
        "errlo": [
            78.02499126944895,
            14.829042490977915,
            466.5665361994041,
            290.5878436818556,
            0.27654802787993876
        ],
        "errup": [
            177.40934485183942,
            33.582169032596475,
            934.7762022417791,
            761.7087454281482,
            0.8030447219833146
        ],
        "information_gain_bits": [
            0.3807369071869773,
            3.3988609101343603,
            -4.656090263669096,
            -4.802763791688464,
            -4.787723833630543
        ]
    },
    "maximum_likelihood": {
        "logl": -3.6624574459010075,
        "point": [
            101.23447638529629,
            17.771621662792253,
            990.57925408256,
            518.5685897535853,
            0.5704863431594974
        ],
        "point_untransformed": [
            0.09215603675282454,
            0.016788410072865117,
            0.9905698239064665,
            0.5180866764300154,
            0.5704863431594974
        ]
    },
    "ncall": 43128,
    "paramnames": [
        "pFat",
        "pLiver",
        "pSlow",
        "kMet",
        "fAbs"
    ],
    "logzerr_single": 0.13088806447943147,
    "insertion_order_MWW_test": {
        "independent_iterations": Infinity,
        "converged": true
    }
}