{
    "niter": 7360,
    "logz": -20.684014762573902,
    "logzerr": 0.1973313133772406,
    "logz_bs": -20.69714431186998,
    "logz_single": -20.684014762573902,
    "logzerr_tail": 0.00995006636535578,
    "logzerr_bs": 0.19708029688051454,
    "ess": 2684.379658456736,
    "H": 10.152339404115795,
    "Herr": 0.09144480780619695,
    "posterior": {
        "mean": [
            520.1509588541663,
            37.22096921607833,
            54.65887160663874,
            47.10378080925797,
            0.8003830684740217
        ],
        "stdev": [
            180.1752417933312,
            16.210500500510506,
            42.8955539398901,
            16.407578375406185,
            0.15399681765063045
        ],
        "median": [
            499.55018348060355,
            34.07017421442025,
            44.76102719701667,
            45.14874422110893,
            0.837216561833233
        ],
        "errlo": [
            335.58101787518024,
            22.455503351523927,
            16.768095017054492,
            31.233827752443553,
            0.6300458704830963
        ],
        "errup": [
            719.1598635170118,
            51.824492163049065,
            92.6751716877454,
            63.12978849628603,
            0.9555462358766725
        ],
        "information_gain_bits": [
            -3.8056125128121496,
            2.9488864743706715,
            1.2666799943991882,
            2.993257766466169,
            -2.5698226480500947
        ]
    },
    "maximum_likelihood": {
        "logl": -7.696443947867823,
        "point": [
            332.2312931762538,
            23.178260931737924,
            3.000251740611038,
            19.73537430622662,
            0.5372404574385741
        ],
        "point_untransformed": [
            0.3254861547234887,
            0.022200461393131057,
            0.0020022539946056434,
            0.01875412843466128,
            0.5372404574385741
        ]
    },
    "ncall": 28349,
    "paramnames": [
        "pFat",
        "pLiver",
        "pSlow",
        "kMet",
        "fAbs"
    ],
    "logzerr_single": 0.15931367960815382,
    "insertion_order_MWW_test": {
        "independent_iterations": Infinity,
        "converged": true
    }
}