{
    "niter": 5804,
    "logz": -26.874146668571974,
    "logzerr": 0.1599938223387193,
    "logz_bs": -26.8657302684958,
    "logz_single": -26.874146668571974,
    "logzerr_tail": 0.009945812157607037,
    "logzerr_bs": 0.15968438873941082,
    "ess": 2423.7501645958173,
    "H": 6.5778135954708326,
    "Herr": 0.08682605559140483,
    "posterior": {
        "mean": [
            152.68787758846082,
            254.7164564569223,
            70.94608604984184,
            183.5885526780468,
            0.15661644689598628
        ],
        "stdev": [
            61.64068361647004,
            106.45925181334532,
            22.077485812670304,
            70.55009924861298,
            0.08670995373154525
        ],
        "median": [
            143.67752196833652,
            235.89997878871833,
            75.70192068252642,
            175.60181514798506,
            0.137633585417549
        ],
        "errlo": [
            94.05377055031063,
            157.62540375292377,
            46.69370336782377,
            118.48170184267804,
            0.08392385627375096
        ],
        "errup": [
            210.086323086916,
            352.16739198508645,
            93.02040944536422,
            248.2852783882783,
            0.224523572031901
        ],
        "information_gain_bits": [
            -2.2771933875396035,
            -2.338128822157542,
            -4.605860207040202,
            -0.5744948939333127,
            -1.563555224028962
        ]
    },
    "maximum_likelihood": {
        "logl": -17.85397439623873,
        "point": [
            112.65809781587113,
            200.16276268770312,
            44.98993472925825,
            99.8053153666132,
            0.08306009234290049
        ],
        "point_untransformed": [
            0.17399677595910362,
            0.19936212481251564,
            0.4443427750430126,
            0.0989042195861994,
            0.08306009234290049
        ]
    },
    "ncall": 36385,
    "paramnames": [
        "pFat",
        "pLiver",
        "pSlow",
        "kMet",
        "fAbs"
    ],
    "logzerr_single": 0.1282362428827244,
    "insertion_order_MWW_test": {
        "independent_iterations": Infinity,
        "converged": true
    }
}