{
    "niter": 4275,
    "logz": -9.454322637033384,
    "logzerr": 0.06875852863210714,
    "logz_bs": -9.459903154974928,
    "logz_single": -9.454322637033384,
    "logzerr_tail": 0.0099430187313434,
    "logzerr_bs": 0.06803581143898008,
    "ess": 2039.6199108077874,
    "H": 3.3164603089861586,
    "Herr": 0.046459369623137584,
    "posterior": {
        "mean": [
            136.70778997772163,
            406.9838971215625,
            311.3649175144828,
            437.4077829031007,
            0.6472341904465639
        ],
        "stdev": [
            53.72979002474152,
            142.59021931826692,
            118.75587690910757,
            152.25286487395627,
            0.2193093752669483
        ],
        "median": [
            127.36260720605786,
            387.05149738899877,
            324.7277991891955,
            436.2194989563866,
            0.667910313774528
        ],
        "errlo": [
            87.13371541989828,
            263.4608060665934,
            180.1004534883433,
            275.5398837826933,
            0.3963824738514333
        ],
        "errup": [
            187.67336152703717,
            565.0809040719392,
            442.77569994031757,
            599.8018568904309,
            0.8879084723590859
        ],
        "information_gain_bits": [
            -1.6431070035935706,
            -3.775551544760021,
            -4.884276294314359,
            -4.405624322991364,
            -4.383877168744893
        ]
    },
    "maximum_likelihood": {
        "logl": -4.282702310968728,
        "point": [
            103.59694284632661,
            319.6801184783954,
            448.1366662760088,
            559.6890680868851,
            0.9417406279597338
        ],
        "point_untransformed": [
            0.1586388861802146,
            0.39884870898422453,
            0.8960654634789755,
            0.6992353793327722,
            0.9417406279597338
        ]
    },
    "ncall": 21396,
    "paramnames": [
        "pFat",
        "pLiver",
        "pSlow",
        "kMet",
        "fAbs"
    ],
    "logzerr_single": 0.09105575639390075,
    "insertion_order_MWW_test": {
        "independent_iterations": Infinity,
        "converged": true
    }
}