{
    "niter": 9306,
    "logz": -24.099549831432732,
    "logzerr": 0.3057200502560798,
    "logz_bs": -24.13017536317094,
    "logz_single": -24.099549831432732,
    "logzerr_tail": 0.009948037666593024,
    "logzerr_bs": 0.3055581543260857,
    "ess": 2721.925526504846,
    "H": 14.773721874372827,
    "Herr": 0.1410065208339782,
    "posterior": {
        "mean": [
            217.24117702369895,
            20.20252056074901,
            9.660857902060757,
            12.378497234620164,
            0.8447551298157941
        ],
        "stdev": [
            78.35114004732367,
            8.500576402798574,
            8.032317721631705,
            3.9454528366395367,
            0.11935829820972609
        ],
        "median": [
            205.574904004687,
            18.600816793143927,
            7.573927622738695,
            11.899118183493814,
            0.8699693725090746
        ],
        "errlo": [
            143.10130456161673,
            12.323843664595806,
            2.7335797316175126,
            8.598582205918989,
            0.7225657769955187
        ],
        "errup": [
            288.5952617354525,
            27.72645715650279,
            16.502974339965725,
            16.232044452468998,
            0.9636291313253521
        ],
        "information_gain_bits": [
            -0.9594937009381291,
            3.543148161710008,
            3.626301848159254,
            3.962014706891018,
            -1.5671113073524379
        ]
    },
    "maximum_likelihood": {
        "logl": -6.232875589307068,
        "point": [
            161.6429477230266,
            13.508378001571723,
            1.0799820188370757,
            8.681146127788946,
            0.8990903606877145
        ],
        "point_untransformed": [
            0.15317469466972383,
            0.012520898900472194,
            8.006208091799376e-05,
            0.007688834962751697,
            0.8990903606877145
        ]
    },
    "ncall": 35800,
    "paramnames": [
        "pFat",
        "pLiver",
        "pSlow",
        "kMet",
        "fAbs"
    ],
    "logzerr_single": 0.19218299791066865,
    "insertion_order_MWW_test": {
        "independent_iterations": Infinity,
        "converged": true
    }
}