"pFat_mean","pFat_stdev","pFat_median","pFat_errlo","pFat_errup","pLiver_mean","pLiver_stdev","pLiver_median","pLiver_errlo","pLiver_errup","pSlow_mean","pSlow_stdev","pSlow_median","pSlow_errlo","pSlow_errup","kMet_mean","kMet_stdev","kMet_median","kMet_errlo","kMet_errup","fAbs_mean","fAbs_stdev","fAbs_median","fAbs_errlo","fAbs_errup"
5.416825175660133027e+02,1.753177180973498537e+02,5.167898978892440027e+02,3.639039010259948554e+02,7.336574250878727526e+02,2.380538271640303094e+02,9.920493429794203166e+01,2.172513874503379157e+02,1.466828589953010180e+02,3.288244666588992118e+02,9.216510073499247824e+01,6.722874738918204685e+01,7.709589000585314977e+01,2.879248787548702282e+01,1.578350037766072944e+02,1.509364332642044246e+02,5.290684067488165709e+01,1.443394907726948588e+02,9.931815426610468478e+01,2.021119523945901904e+02,8.048181267737828382e-01,1.497283291897746893e-01,8.396730704142109092e-01,6.434030024563495154e-01,9.541467135746430905e-01
