{
    "niter": 5534,
    "logz": -13.025782903862874,
    "logzerr": 0.23623410932186675,
    "logz_bs": -12.998356776405938,
    "logz_single": -13.025782903862874,
    "logzerr_tail": 0.00994257913450447,
    "logzerr_bs": 0.23602478583244135,
    "ess": 2457.844270409831,
    "H": 5.87471126057772,
    "Herr": 0.08730355992238778,
    "posterior": {
        "mean": [
            556.6260511874283,
            228.5645308173293,
            128.05254656878446,
            176.15925701406456,
            0.7765221321039457
        ],
        "stdev": [
            179.9042107564502,
            94.02869218283467,
            85.41643542755105,
            63.781785512266445,
            0.17013981853240845
        ],
        "median": [
            540.9817027665872,
            211.92395913150796,
            113.24009488172307,
            168.32086883715647,
            0.8174216249507092
        ],
        "errlo": [
            370.13976249323383,
            141.73228734172665,
            45.528854595885996,
            112.85652368359483,
            0.5874546661034203
        ],
        "errup": [
            749.9194708784149,
            313.51940864302526,
            206.95486549648405,
            237.3854222925934,
            0.9454904107871578
        ],
        "information_gain_bits": [
            -3.8246459772530343,
            -1.7267887088179645,
            -0.8530572952813903,
            0.252203480745917,
            -3.1234222202164323
        ]
    },
    "maximum_likelihood": {
        "logl": -4.645843864233325,
        "point": [
            384.3855239551686,
            148.51039972141194,
            93.67464923433467,
            147.96244696028913,
            0.9346567711455233
        ],
        "point_untransformed": [
            0.3781671959143117,
            0.14765805777919114,
            0.09276741665098565,
            0.14710955651680593,
            0.9346567711455233
        ]
    },
    "ncall": 21679,
    "paramnames": [
        "pFat",
        "pLiver",
        "pSlow",
        "kMet",
        "fAbs"
    ],
    "logzerr_single": 0.12118901827906808,
    "insertion_order_MWW_test": {
        "independent_iterations": Infinity,
        "converged": true
    }
}