{
    "niter": 5557,
    "logz": -12.779512057319767,
    "logzerr": 0.27607222938704784,
    "logz_bs": -12.784431699008811,
    "logz_single": -12.779512057319767,
    "logzerr_tail": 0.009939454380235802,
    "logzerr_bs": 0.2758932458132275,
    "ess": 2433.130960171911,
    "H": 5.901523517233182,
    "Herr": 0.08511672172075581,
    "posterior": {
        "mean": [
            535.3494801554174,
            213.49086660017855,
            128.52708372451443,
            168.6507785811869,
            0.7839791873005669
        ],
        "stdev": [
            182.63129802981157,
            90.73535466658574,
            84.93749992023757,
            62.42941974353121,
            0.16330907302848416
        ],
        "median": [
            518.2867459149961,
            196.78814126272883,
            115.0414709158291,
            162.6370855215244,
            0.8168878401057197
        ],
        "errlo": [
            348.082407109746,
            129.9558784254973,
            47.864171252776714,
            105.87772504857509,
            0.6101750206230505
        ],
        "errup": [
            735.7747517096317,
            293.06749701471256,
            206.57976263434898,
            226.95831833535877,
            0.9516311477388563
        ],
        "information_gain_bits": [
            -3.909417484609427,
            -1.6042840977832036,
            -0.8888855213321033,
            0.2040128645175201,
            -2.8889265004908022
        ]
    },
    "maximum_likelihood": {
        "logl": -4.360182539815013,
        "point": [
            364.4586304820429,
            126.74982802971572,
            84.91313408970872,
            123.83177079724477,
            0.8660499153806988
        ],
        "point_untransformed": [
            0.35803902068893223,
            0.12587570373344917,
            0.08399713122092965,
            0.12295472552276754,
            0.8660499153806988
        ]
    },
    "ncall": 21575,
    "paramnames": [
        "pFat",
        "pLiver",
        "pSlow",
        "kMet",
        "fAbs"
    ],
    "logzerr_single": 0.12146525755574289,
    "insertion_order_MWW_test": {
        "independent_iterations": Infinity,
        "converged": true
    }
}