{
    "niter": 5744,
    "logz": -12.95213169565142,
    "logzerr": 0.16246164023297252,
    "logz_bs": -12.963057331521258,
    "logz_single": -12.95213169565142,
    "logzerr_tail": 0.00993493853429861,
    "logzerr_bs": 0.16215758244222656,
    "ess": 2470.458315753243,
    "H": 6.343647510710751,
    "Herr": 0.10378151771446001,
    "posterior": {
        "mean": [
            541.6825175660133,
            238.0538271640303,
            92.16510073499248,
            150.93643326420442,
            0.8048181267737828
        ],
        "stdev": [
            175.31771809734985,
            99.20493429794203,
            67.22874738918205,
            52.90684067488166,
            0.1497283291897747
        ],
        "median": [
            516.789897889244,
            217.25138745033792,
            77.09589000585315,
            144.33949077269486,
            0.8396730704142109
        ],
        "errlo": [
            363.90390102599486,
            146.68285899530102,
            28.792487875487023,
            99.31815426610468,
            0.6434030024563495
        ],
        "errup": [
            733.6574250878728,
            328.8244666588992,
            157.8350037766073,
            202.1119523945902,
            0.9541467135746431
        ],
        "information_gain_bits": [
            -3.7000532444976044,
            -1.9830292044640987,
            0.14272115490878662,
            0.8048889725066575,
            -2.5591036579040343
        ]
    },
    "maximum_likelihood": {
        "logl": -4.017863431007851,
        "point": [
            404.92216068696194,
            158.16244326402608,
            50.524552169481446,
            127.53586918402031,
            0.9948905107956196
        ],
        "point_untransformed": [
            0.39891127342117366,
            0.15731976302705314,
            0.049574126295777225,
            0.12666253171573605,
            0.9948905107956196
        ]
    },
    "ncall": 21920,
    "paramnames": [
        "pFat",
        "pLiver",
        "pSlow",
        "kMet",
        "fAbs"
    ],
    "logzerr_single": 0.12593299320184873,
    "insertion_order_MWW_test": {
        "independent_iterations": Infinity,
        "converged": true
    }
}