{
    "niter": 7674,
    "logz": -19.453694583649444,
    "logzerr": 0.20755549616891916,
    "logz_bs": -19.464709450535786,
    "logz_single": -19.453694583649444,
    "logzerr_tail": 0.009942630681070597,
    "logzerr_bs": 0.20731721608459353,
    "ess": 2533.1665158895235,
    "H": 11.055503735167397,
    "Herr": 0.12484537535748799,
    "posterior": {
        "mean": [
            144.14877812999225,
            43.49237102040934,
            37.9047492140231,
            47.44350031782773,
            0.7471099968241549
        ],
        "stdev": [
            58.49421047484146,
            18.081527070616463,
            28.052758872470125,
            18.704830424223914,
            0.1850788494417213
        ],
        "median": [
            133.7351682699744,
            40.23227009066561,
            31.354020604937123,
            45.37834028408641,
            0.7844599033164688
        ],
        "errlo": [
            90.848113793316,
            27.18729539786096,
            12.50055672657107,
            29.023601799220902,
            0.5441365729224108
        ],
        "errup": [
            197.0575828249452,
            58.91190710841428,
            63.49905544310395,
            64.83778097397429,
            0.9372839774363763
        ],
        "information_gain_bits": [
            0.12474390811136257,
            2.7089502199813498,
            2.250770429142017,
            2.827588458146391,
            -3.4585917835281297
        ]
    },
    "maximum_likelihood": {
        "logl": -5.483154190678559,
        "point": [
            91.00116235776794,
            28.795861001569207,
            1.9472764894936527,
            12.609733118010091,
            0.2763219273348404
        ],
        "point_untransformed": [
            0.08181935591693731,
            0.027823684686255463,
            0.0009482247142078605,
            0.011621354472482574,
            0.2763219273348404
        ]
    },
    "ncall": 34062,
    "paramnames": [
        "pFat",
        "pLiver",
        "pSlow",
        "kMet",
        "fAbs"
    ],
    "logzerr_single": 0.16624908823184112,
    "insertion_order_MWW_test": {
        "independent_iterations": Infinity,
        "converged": true
    }
}