{
    "niter": 5290,
    "logz": -15.30563844885645,
    "logzerr": 0.244855911987538,
    "logz_bs": -15.313442683175014,
    "logz_single": -15.30563844885645,
    "logzerr_tail": 0.00993003406272841,
    "logzerr_bs": 0.2446544748390309,
    "ess": 2552.845036489598,
    "H": 5.054923131685484,
    "Herr": 0.08297005129748294,
    "posterior": {
        "mean": [
            106.10873661389087,
            388.71676431073166,
            70.53586524534686,
            188.56705287844872,
            0.3551350495672701
        ],
        "stdev": [
            46.7932017821604,
            151.10891718674245,
            22.55560403835928,
            98.96812393251156,
            0.2287297235318829
        ],
        "median": [
            96.80471558031081,
            363.95734884719076,
            75.09773539950501,
            170.94194528250563,
            0.3020436728225544
        ],
        "errlo": [
            64.17529146075914,
            245.8652961428791,
            46.070417079752424,
            93.02425732799031,
            0.13044279297615255
        ],
        "errup": [
            147.46549230638277,
            539.9964892027074,
            93.14847218151058,
            288.2694549914362,
            0.6128748848809821
        ],
        "information_gain_bits": [
            -0.8949791279247303,
            -3.611807712799947,
            -4.703639328682552,
            -1.3985120275483962,
            -4.7001522613402775
        ]
    },
    "maximum_likelihood": {
        "logl": -7.528216061308453,
        "point": [
            86.81537559911843,
            298.2405124587319,
            74.68104788622115,
            80.84289593593076,
            0.12485722844467817
        ],
        "point_untransformed": [
            0.1301955518629126,
            0.29753805050924115,
            0.7442530089517287,
            0.07992281875468545,
            0.12485722844467817
        ]
    },
    "ncall": 35599,
    "paramnames": [
        "pFat",
        "pLiver",
        "pSlow",
        "kMet",
        "fAbs"
    ],
    "logzerr_single": 0.11241578105058787,
    "insertion_order_MWW_test": {
        "independent_iterations": Infinity,
        "converged": true
    }
}