{
    "niter": 7027,
    "logz": -23.788279246497765,
    "logzerr": 0.21788212436951915,
    "logz_bs": -23.803849086706123,
    "logz_single": -23.788279246497765,
    "logzerr_tail": 0.009932525367929657,
    "logzerr_bs": 0.2176556111373884,
    "ess": 2536.086898828178,
    "H": 9.438651577733687,
    "Herr": 0.12627117519901793,
    "posterior": {
        "mean": [
            520.5569374948195,
            42.44138316982701,
            64.77126146253048,
            80.35566871734383,
            0.7966389441330213
        ],
        "stdev": [
            172.912711884003,
            18.018298058718422,
            46.07731306461692,
            28.46235090915821,
            0.15513520771941464
        ],
        "median": [
            499.98413965142527,
            38.73913921959713,
            56.08200776064529,
            77.53244469488993,
            0.8278062287481979
        ],
        "errlo": [
            344.4000858460624,
            26.214088622310182,
            19.622212562791645,
            52.27040152048519,
            0.6347301271457372
        ],
        "errup": [
            713.2676128939657,
            59.084276124466626,
            108.71332163335991,
            108.23306247845365,
            0.9514003308732923
        ],
        "information_gain_bits": [
            -3.7839004508686256,
            2.8045650208565718,
            1.2832005389588743,
            2.1749905199812924,
            -2.571649219513285
        ]
    },
    "maximum_likelihood": {
        "logl": -11.660134878861278,
        "point": [
            344.767480826966,
            26.90073225008799,
            5.392507721227585,
            31.27234856064,
            0.48521980336370646
        ],
        "point_untransformed": [
            0.3381489705322889,
            0.025926658908996987,
            0.004396904625853439,
            0.030302651211851852,
            0.48521980336370646
        ]
    },
    "ncall": 27840,
    "paramnames": [
        "pFat",
        "pLiver",
        "pSlow",
        "kMet",
        "fAbs"
    ],
    "logzerr_single": 0.15361194271388606,
    "insertion_order_MWW_test": {
        "independent_iterations": Infinity,
        "converged": true
    }
}