"pFat_mean","pFat_stdev","pFat_median","pFat_errlo","pFat_errup","pLiver_mean","pLiver_stdev","pLiver_median","pLiver_errlo","pLiver_errup","pSlow_mean","pSlow_stdev","pSlow_median","pSlow_errlo","pSlow_errup","kMet_mean","kMet_stdev","kMet_median","kMet_errlo","kMet_errup","fAbs_mean","fAbs_stdev","fAbs_median","fAbs_errlo","fAbs_errup"
4.801960084214334756e+02,1.703200231365846378e+02,4.565822170463883367e+02,3.096386344325792948e+02,6.595258342280814077e+02,3.586975904903226109e+01,1.536244706042271346e+01,3.288981922433267613e+01,2.164384855605360514e+01,4.973148668797161065e+01,6.703053954642734880e+01,4.461364806485873657e+01,5.978506779564582985e+01,2.460598607797157911e+01,1.072478543951088454e+02,6.970242696927165582e+01,2.603806115096300289e+01,6.658175966399927859e+01,4.453530432748002710e+01,9.506248732316720407e+01,7.858888149056315608e-01,1.624413628557999645e-01,8.157555514857411927e-01,6.027394679140735123e-01,9.549663568016160120e-01
