"pFat_mean","pFat_stdev","pFat_median","pFat_errlo","pFat_errup","pLiver_mean","pLiver_stdev","pLiver_median","pLiver_errlo","pLiver_errup","pSlow_mean","pSlow_stdev","pSlow_median","pSlow_errlo","pSlow_errup","kMet_mean","kMet_stdev","kMet_median","kMet_errlo","kMet_errup","fAbs_mean","fAbs_stdev","fAbs_median","fAbs_errlo","fAbs_errup"
5.175186092170241636e+02,1.754690771774993721e+02,4.976354365842989296e+02,3.431410932114575303e+02,7.025456492215248545e+02,4.051005138756339363e+01,1.660688819337029543e+01,3.746685106313344704e+01,2.522987969256045915e+01,5.566854175790494708e+01,7.474498271739562938e+01,4.966732201085114440e+01,6.726884361002687740e+01,2.700638678669648129e+01,1.224657166815968736e+02,8.183604332981191476e+01,2.895297984227045873e+01,7.823924563520006359e+01,5.352174503618017098e+01,1.105994614148367248e+02,7.870527374073696958e-01,1.572597617635596023e-01,8.181837707808236049e-01,6.126415638340050318e-01,9.488248444976734586e-01
