{
    "niter": 6927,
    "logz": -21.782006974914875,
    "logzerr": 0.2325490149598905,
    "logz_bs": -21.752841183683696,
    "logz_single": -21.782006974914875,
    "logzerr_tail": 0.00993267638780182,
    "logzerr_bs": 0.23233679497356974,
    "ess": 2496.333128696978,
    "H": 9.248962312905718,
    "Herr": 0.11410302891792014,
    "posterior": {
        "mean": [
            517.5186092170242,
            40.510051387563394,
            74.74498271739563,
            81.83604332981191,
            0.7870527374073697
        ],
        "stdev": [
            175.46907717749937,
            16.606888193370295,
            49.667322010851144,
            28.95297984227046,
            0.1572597617635596
        ],
        "median": [
            497.63543658429893,
            37.46685106313345,
            67.26884361002688,
            78.23924563520006,
            0.8181837707808236
        ],
        "errlo": [
            343.14109321145753,
            25.22987969256046,
            27.00638678669648,
            53.52174503618017,
            0.612641563834005
        ],
        "errup": [
            702.5456492215249,
            55.66854175790495,
            122.46571668159687,
            110.59946141483672,
            0.9488248444976735
        ],
        "information_gain_bits": [
            -3.8215277221841144,
            2.8844337706483048,
            1.047720176014744,
            2.1564271286400274,
            -2.5815076570214495
        ]
    },
    "maximum_likelihood": {
        "logl": -9.907398097509688,
        "point": [
            313.78491706202635,
            23.939266131398615,
            3.749019046472932,
            25.484319767016082,
            0.39275604420266
        ],
        "point_untransformed": [
            0.3068534515778044,
            0.022962228359758374,
            0.002751770817290222,
            0.024508828595611695,
            0.39275604420266
        ]
    },
    "ncall": 27788,
    "paramnames": [
        "pFat",
        "pLiver",
        "pSlow",
        "kMet",
        "fAbs"
    ],
    "logzerr_single": 0.15206053328284855,
    "insertion_order_MWW_test": {
        "independent_iterations": Infinity,
        "converged": true
    }
}