{
    "niter": 7419,
    "logz": -17.810421962590144,
    "logzerr": 0.2343199957670205,
    "logz_bs": -17.854528537123382,
    "logz_single": -17.810421962590144,
    "logzerr_tail": 0.009946259987042794,
    "logzerr_bs": 0.2341088044660573,
    "ess": 2780.6321944561723,
    "H": 10.121685977406099,
    "Herr": 0.10996395284465836,
    "posterior": {
        "mean": [
            390.31120727409507,
            32.59837441509619,
            56.45394013132803,
            54.701139632477364,
            0.7800585154245745
        ],
        "stdev": [
            161.5927720271054,
            15.221292452511511,
            39.16798814691978,
            21.675903780461372,
            0.16418724051359943
        ],
        "median": [
            362.532806473926,
            29.36676521552896,
            48.49427378820883,
            51.78410259976244,
            0.8139427857291034
        ],
        "errlo": [
            232.638043359043,
            18.991801131234336,
            20.36794981823814,
            33.520205459873274,
            0.6014342109800087
        ],
        "errup": [
            547.1683643569602,
            46.618858276537665,
            91.89154979195905,
            75.106541837651,
            0.9491794005232795
        ],
        "information_gain_bits": [
            -3.8834442702191994,
            2.9970784320698507,
            1.4928083050349845,
            2.5831046943895095,
            -2.722932813406445
        ]
    },
    "maximum_likelihood": {
        "logl": -4.642800836492283,
        "point": [
            217.84537281244644,
            17.0757506755266,
            6.023271168071642,
            17.040295339556124,
            0.41801800125217065
        ],
        "point_untransformed": [
            0.20994482102267317,
            0.016091842518044644,
            0.005028299467539181,
            0.016056351691247372,
            0.41801800125217065
        ]
    },
    "ncall": 29993,
    "paramnames": [
        "pFat",
        "pLiver",
        "pSlow",
        "kMet",
        "fAbs"
    ],
    "logzerr_single": 0.1590729862154956,
    "insertion_order_MWW_test": {
        "independent_iterations": Infinity,
        "converged": true
    }
}