{
    "niter": 7791,
    "logz": -19.563471920659047,
    "logzerr": 0.23049273094884684,
    "logz_bs": -19.548944213683523,
    "logz_single": -19.563471920659047,
    "logzerr_tail": 0.009933559884967025,
    "logzerr_bs": 0.23027857783187144,
    "ess": 2966.960707745028,
    "H": 10.718248321894757,
    "Herr": 0.10630745252686111,
    "posterior": {
        "mean": [
            405.0032614720829,
            192.7571513259306,
            15.135329578506955,
            22.006872500211827,
            0.8754009690216203
        ],
        "stdev": [
            141.347763519041,
            79.91477083463506,
            14.682642071738671,
            6.600157195746147,
            0.10325995239353923
        ],
        "median": [
            379.7410430481965,
            177.38083014428537,
            10.438441198562161,
            21.17024438181023,
            0.9007699808450347
        ],
        "errlo": [
            273.3777589474362,
            120.78376711217896,
            3.552256095570383,
            15.720993974146976,
            0.770902609872034
        ],
        "errup": [
            544.4199182926347,
            262.68079705208305,
            26.38436187543657,
            28.235423685199518,
            0.9726560300996465
        ],
        "information_gain_bits": [
            -3.4389938373436917,
            -1.0575142587653819,
            3.0670951377642828,
            3.70782881008444,
            -0.9896184579387457
        ]
    },
    "maximum_likelihood": {
        "logl": -5.407138962424514,
        "point": [
            296.28487399221393,
            130.42461727647137,
            1.4219223039503306,
            16.979012044324357,
            0.9731602220839937
        ],
        "point_untransformed": [
            0.2891766403961757,
            0.12955417144791928,
            0.0004223446485989296,
            0.015995007051375732,
            0.9731602220839937
        ]
    },
    "ncall": 29251,
    "paramnames": [
        "pFat",
        "pLiver",
        "pSlow",
        "kMet",
        "fAbs"
    ],
    "logzerr_single": 0.16369367979472174,
    "insertion_order_MWW_test": {
        "independent_iterations": Infinity,
        "converged": true
    }
}