{
    "niter": 6403,
    "logz": -26.1750430789765,
    "logzerr": 0.25429814309473586,
    "logz_bs": -26.134739064270143,
    "logz_single": -26.1750430789765,
    "logzerr_tail": 0.009939760077312343,
    "logzerr_bs": 0.2541038109730671,
    "ess": 2544.0197265119536,
    "H": 7.858771314880361,
    "Herr": 0.09663406764128683,
    "posterior": {
        "mean": [
            459.88693878019836,
            43.569017384044734,
            111.9814039646561,
            219.71810616481176,
            0.7984109956277594
        ],
        "stdev": [
            155.51787114258372,
            18.275737417692113,
            62.39436455999566,
            77.94550319786653,
            0.15701886015879218
        ],
        "median": [
            437.95156189269534,
            40.52407331949997,
            102.73262609474584,
            211.20978257084965,
            0.8325570870495317
        ],
        "errlo": [
            309.453901906363,
            27.035627898881458,
            52.37745321932793,
            142.60597853529256,
            0.6276347932242147
        ],
        "errup": [
            614.8218969326023,
            60.11308090303639,
            169.74108908750702,
            296.7103031129794,
            0.956815645334476
        ],
        "information_gain_bits": [
            -3.6017964292876328,
            2.7688965886981096,
            0.36559388403847415,
            -0.6113895749586724,
            -2.5844837918507415
        ]
    },
    "maximum_likelihood": {
        "logl": -15.599419380970106,
        "point": [
            332.50074457794744,
            30.29487678143319,
            94.7286310520995,
            194.81897263762747,
            0.962503474258123
        ],
        "point_untransformed": [
            0.3257583278565126,
            0.029324200982415605,
            0.09382245350560511,
            0.19401298562325073,
            0.962503474258123
        ]
    },
    "ncall": 26726,
    "paramnames": [
        "pFat",
        "pLiver",
        "pSlow",
        "kMet",
        "fAbs"
    ],
    "logzerr_single": 0.140167500823839,
    "insertion_order_MWW_test": {
        "independent_iterations": Infinity,
        "converged": true
    }
}