{
    "niter": 8236,
    "logz": -21.0537816289658,
    "logzerr": 0.20770393344111707,
    "logz_bs": -21.106985762464458,
    "logz_single": -21.0537816289658,
    "logzerr_tail": 0.009930061775722976,
    "logzerr_bs": 0.2074664258140153,
    "ess": 2676.7337179451483,
    "H": 12.285563495169923,
    "Herr": 0.11809811653698724,
    "posterior": {
        "mean": [
            318.8957439031749,
            32.256774365751966,
            22.210008412521297,
            21.13624025102432,
            0.8113705478423494
        ],
        "stdev": [
            117.43937101145792,
            13.504160983897346,
            17.52329524989931,
            7.159544073750666,
            0.14143840508748437
        ],
        "median": [
            302.7901260651308,
            29.990805440867412,
            18.034804367221774,
            20.093103232642417,
            0.8369090871014067
        ],
        "errlo": [
            206.05272793465787,
            19.647653333144277,
            6.281343571679213,
            14.179072019468796,
            0.6641782139452869
        ],
        "errup": [
            427.0148453457221,
            44.33059283536924,
            38.51586889427469,
            28.06232370053576,
            0.956032605571331
        ],
        "information_gain_bits": [
            -2.742383536146246,
            3.118073341853954,
            2.915276658504795,
            3.6786399645866132,
            -2.0779781810516633
        ]
    },
    "maximum_likelihood": {
        "logl": -5.797490736641878,
        "point": [
            207.9923066072737,
            19.315946837231674,
            1.626898216094229,
            10.32330205902479,
            0.6290654008333183
        ],
        "point_untransformed": [
            0.19999222889623605,
            0.018334281118350025,
            0.0006275257418360651,
            0.009332634693718509,
            0.6290654008333183
        ]
    },
    "ncall": 31421,
    "paramnames": [
        "pFat",
        "pLiver",
        "pSlow",
        "kMet",
        "fAbs"
    ],
    "logzerr_single": 0.17525384086497164,
    "insertion_order_MWW_test": {
        "independent_iterations": Infinity,
        "converged": true
    }
}