"pFat_mean","pFat_stdev","pFat_median","pFat_errlo","pFat_errup","pLiver_mean","pLiver_stdev","pLiver_median","pLiver_errlo","pLiver_errup","pSlow_mean","pSlow_stdev","pSlow_median","pSlow_errlo","pSlow_errup","kMet_mean","kMet_stdev","kMet_median","kMet_errlo","kMet_errup","fAbs_mean","fAbs_stdev","fAbs_median","fAbs_errlo","fAbs_errup"
4.391357378334695341e+02,1.451727720133983439e+02,4.145386655306151056e+02,2.991535904684381535e+02,5.833597354750381783e+02,2.567610329178195272e+01,1.051998071847968852e+01,2.386563541456480664e+01,1.584092461272718744e+01,3.545486829719396127e+01,1.702012378427830441e+01,1.554674452691208764e+01,1.251754723926944735e+01,3.973057893248413741e+00,3.053758922627104511e+01,2.557614873131555555e+01,7.645325830748873841e+00,2.456514760402231445e+01,1.825652789534603926e+01,3.301793381207351530e+01,8.721818317217630012e-01,1.063709904554163282e-01,8.995275486545873944e-01,7.634083330254661792e-01,9.737371699334731456e-01
