{
    "niter": 8455,
    "logz": -23.42162682154014,
    "logzerr": 0.2099249054381558,
    "logz_bs": -23.445625482213494,
    "logz_single": -23.42162682154014,
    "logzerr_tail": 0.009934915312435066,
    "logzerr_bs": 0.20968968353486872,
    "ess": 2797.6158373741296,
    "H": 12.544305521642091,
    "Herr": 0.13723775511232783,
    "posterior": {
        "mean": [
            439.13573783346953,
            25.676103291781953,
            17.020123784278304,
            25.576148731315556,
            0.872181831721763
        ],
        "stdev": [
            145.17277201339834,
            10.519980718479689,
            15.546744526912088,
            7.645325830748874,
            0.10637099045541633
        ],
        "median": [
            414.5386655306151,
            23.865635414564807,
            12.517547239269447,
            24.565147604022314,
            0.8995275486545874
        ],
        "errlo": [
            299.15359046843815,
            15.840924612727187,
            3.9730578932484137,
            18.25652789534604,
            0.7634083330254662
        ],
        "errup": [
            583.3597354750382,
            35.45486829719396,
            30.537589226271045,
            33.017933812073515,
            0.9737371699334731
        ],
        "information_gain_bits": [
            -3.4828479083960313,
            3.3764044030747318,
            3.01327157735831,
            3.610320029700379,
            -1.0862393088966877
        ]
    },
    "maximum_likelihood": {
        "logl": -7.633678355175092,
        "point": [
            353.8770874735793,
            18.868623607790568,
            1.2608852854644603,
            20.16020763260719,
            0.9983789927280596
        ],
        "point_untransformed": [
            0.34735059340765584,
            0.017886510117908476,
            0.00026114643189635665,
            0.019179387019626817,
            0.9983789927280596
        ]
    },
    "ncall": 34659,
    "paramnames": [
        "pFat",
        "pLiver",
        "pSlow",
        "kMet",
        "fAbs"
    ],
    "logzerr_single": 0.17708970552831474,
    "insertion_order_MWW_test": {
        "independent_iterations": Infinity,
        "converged": true
    }
}