{
    "niter": 8096,
    "logz": -66.3202493977969,
    "logzerr": 0.2056571275476301,
    "logz_bs": -66.32118102929014,
    "logz_single": -66.3202493977969,
    "logzerr_tail": 0.009936631853648237,
    "logzerr_bs": 0.20541693566633512,
    "ess": 2745.102201679592,
    "H": 11.719579228392703,
    "Herr": 0.11521043962218766,
    "posterior": {
        "mean": [
            179.28382992084443,
            212.6028152906464,
            75.90518868967268,
            2.917352479308789,
            0.03238093108616321
        ],
        "stdev": [
            75.90666262765835,
            93.30743409812919,
            18.803199441072003,
            3.11152301295595,
            0.010753327342347805
        ],
        "median": [
            166.6585033170107,
            197.3331821688564,
            79.95416647228186,
            2.2158045590900084,
            0.031007264829753894
        ],
        "errlo": [
            107.93718818891497,
            126.15790082213005,
            55.91666881751652,
            1.2660049308509886,
            0.022291582608694144
        ],
        "errup": [
            248.11053898635257,
            292.8517831804816,
            94.75407359436986,
            4.335939350417101,
            0.042434870489716156
        ],
        "information_gain_bits": [
            -3.1683918928625054,
            -1.7336536991823344,
            -4.0323205723023685,
            3.70203530618814,
            2.975794385548277
        ]
    },
    "maximum_likelihood": {
        "logl": -51.44789551587857,
        "point": [
            115.43139611653012,
            153.4384039365142,
            93.86509391434606,
            1.022466943124149,
            0.03654393321726759
        ],
        "point_untransformed": [
            0.1786972815534409,
            0.15259099493144565,
            0.9380312516600612,
            2.2489432556705753e-05,
            0.03654393321726759
        ]
    },
    "ncall": 42838,
    "paramnames": [
        "pFat",
        "pLiver",
        "pSlow",
        "kMet",
        "fAbs"
    ],
    "logzerr_single": 0.17116935494118612,
    "insertion_order_MWW_test": {
        "independent_iterations": Infinity,
        "converged": true
    }
}