{
    "niter": 4847,
    "logz": -21.20303008054885,
    "logzerr": 0.1722389554556719,
    "logz_bs": -21.22029430624331,
    "logz_single": -21.20303008054885,
    "logzerr_tail": 0.00993014997364483,
    "logzerr_bs": 0.171952464064816,
    "ess": 2120.194848944095,
    "H": 4.55313966084395,
    "Herr": 0.0692047544550489,
    "posterior": {
        "mean": [
            110.30280648203137,
            188.38889607928178,
            301.17530790414116,
            544.1847475851969,
            0.5812032702255792
        ],
        "stdev": [
            44.98270019891463,
            79.25000237124866,
            99.91642908931753,
            163.15648077246553,
            0.21362513374358533
        ],
        "median": [
            102.47900017344212,
            173.30893551271234,
            300.7647800796422,
            564.8543816039961,
            0.5846554016823207
        ],
        "errlo": [
            68.80743713453964,
            117.46278266881465,
            195.74657346653876,
            361.2144151412119,
            0.34486577718695854
        ],
        "errup": [
            152.13107428462797,
            256.3401317560655,
            412.1517213757953,
            719.8524961966193,
            0.8182750586835863
        ],
        "information_gain_bits": [
            -0.9699860465749534,
            -2.1224304958021074,
            -4.517471750576775,
            -4.213711200358259,
            -4.5105166625615
        ]
    },
    "maximum_likelihood": {
        "logl": -14.413629047622262,
        "point": [
            82.51737667396698,
            153.4911135327179,
            35.51777287738752,
            73.26766138475087,
            0.08802513658853783
        ],
        "point_untransformed": [
            0.12291080792197792,
            0.19085245748775706,
            0.06917389354185877,
            0.09044763627628394,
            0.08802513658853783
        ]
    },
    "ncall": 29945,
    "paramnames": [
        "pFat",
        "pLiver",
        "pSlow",
        "kMet",
        "fAbs"
    ],
    "logzerr_single": 0.10669043608547991,
    "insertion_order_MWW_test": {
        "independent_iterations": Infinity,
        "converged": true
    }
}