{
    "niter": 8142,
    "logz": -30.5757270751871,
    "logzerr": 0.18390406573887996,
    "logz_bs": -30.576054409305765,
    "logz_single": -30.5757270751871,
    "logzerr_tail": 0.009953770583909005,
    "logzerr_bs": 0.18363449525199016,
    "ess": 3029.0013550791705,
    "H": 11.392112395664363,
    "Herr": 0.11107681385164776,
    "posterior": {
        "mean": [
            206.29578655078183,
            66.85634489604121,
            5.630279797674581,
            11.754861120638285,
            0.8997800788795141
        ],
        "stdev": [
            74.22431020409864,
            27.681410675964724,
            5.438613544972353,
            3.5044424111437165,
            0.09013104279040743
        ],
        "median": [
            195.19527922244936,
            61.16085897046255,
            3.9366313816476532,
            11.361262551173397,
            0.9241269217545078
        ],
        "errlo": [
            135.76489879790162,
            41.82620127692784,
            1.6469895962352343,
            8.327180590585252,
            0.8160720882620197
        ],
        "errup": [
            275.866573070556,
            93.17004792835479,
            9.4818284947686,
            15.026679029103734,
            0.9810002148322997
        ],
        "information_gain_bits": [
            -3.0907140520162604,
            2.124970975433624,
            0.2852146008162536,
            4.0178304756956305,
            -0.5660861157051833
        ]
    },
    "maximum_likelihood": {
        "logl": -15.451821352816408,
        "point": [
            129.44926898336118,
            40.89112542058946,
            1.0364274823852209,
            9.208363891120012,
            0.9895934536924796
        ],
        "point_untransformed": [
            0.20245638810739183,
            0.039931056477066525,
            0.0003679543675274826,
            0.008216580471591604,
            0.9895934536924796
        ]
    },
    "ncall": 31176,
    "paramnames": [
        "pFat",
        "pLiver",
        "pSlow",
        "kMet",
        "fAbs"
    ],
    "logzerr_single": 0.1687610173860092,
    "insertion_order_MWW_test": {
        "independent_iterations": Infinity,
        "converged": true
    }
}