{
    "niter": 8675,
    "logz": -81.27242021078072,
    "logzerr": 0.2142514649239764,
    "logz_bs": -81.29806710128737,
    "logz_single": -81.27242021078072,
    "logzerr_tail": 0.009949084990182655,
    "logzerr_bs": 0.21402033999115133,
    "ess": 2776.3996034966685,
    "H": 13.135909999191227,
    "Herr": 0.1431945164308067,
    "posterior": {
        "mean": [
            213.70003281223174,
            39.31522502495992,
            78.57461383428253,
            2.1994530789631046,
            0.07706838465240716
        ],
        "stdev": [
            89.383032041327,
            17.02391216540341,
            17.098617447271746,
            1.3540897769461313,
            0.022932863202089135
        ],
        "median": [
            196.18697024409013,
            36.03298507742958,
            82.44270034856895,
            1.7515406982279984,
            0.07464139533882433
        ],
        "errlo": [
            131.60947591773925,
            23.97075602845141,
            61.55464659119633,
            1.1854716007348094,
            0.05505312814538256
        ],
        "errup": [
            298.81618057494416,
            54.28830833411646,
            95.36561332889771,
            3.1969969518399615,
            0.0989497205904715
        ],
        "information_gain_bits": [
            -3.6720013477517477,
            2.840770179930702,
            -3.5895487638183696,
            4.104463462005733,
            2.4703322821413454
        ]
    },
    "maximum_likelihood": {
        "logl": -64.89874702424841,
        "point": [
            157.01877229365263,
            29.56004577656863,
            99.92288204849592,
            1.0643504839309332,
            0.08972611854286233
        ],
        "point_untransformed": [
            0.2491843598197502,
            0.02858863441097961,
            0.9992210307928882,
            6.441489882976288e-05,
            0.08972611854286233
        ]
    },
    "ncall": 53112,
    "paramnames": [
        "pFat",
        "pLiver",
        "pSlow",
        "kMet",
        "fAbs"
    ],
    "logzerr_single": 0.18121747983563305,
    "insertion_order_MWW_test": {
        "independent_iterations": Infinity,
        "converged": true
    }
}