{
    "niter": 6061,
    "logz": -39.40304451976071,
    "logzerr": 0.21819304478862947,
    "logz_bs": -39.44687808117082,
    "logz_single": -39.40304451976071,
    "logzerr_tail": 0.00994309710814889,
    "logzerr_bs": 0.21796637266796637,
    "ess": 2186.4287204479883,
    "H": 7.551502198913667,
    "Herr": 0.11056290601451194,
    "posterior": {
        "mean": [
            130.122313364984,
            49.753277282856935,
            69.43329022955486,
            101.80204547238172,
            0.5746621678046203
        ],
        "stdev": [
            51.85093123818766,
            19.865022737940922,
            21.604677741912198,
            34.515019489525606,
            0.2039085120624752
        ],
        "median": [
            121.775727981237,
            46.313194831492154,
            73.2999528052281,
            100.57117705220777,
            0.5699766672893679
        ],
        "errlo": [
            81.30565863775479,
            31.716345274551113,
            45.704015220067426,
            66.60594393572521,
            0.352929378631569
        ],
        "errup": [
            177.04307536581706,
            68.08834968954665,
            91.78195402129165,
            135.913547415385,
            0.8050303131167287
        ],
        "information_gain_bits": [
            -1.3740935712258653,
            2.6375669183038237,
            -4.588400935676112,
            1.823909071883926,
            -4.236170943738988
        ]
    },
    "maximum_likelihood": {
        "logl": -29.712937391889895,
        "point": [
            94.7341500137597,
            37.013733744786954,
            46.9114239840731,
            61.179817355775555,
            0.4008496229962524
        ],
        "point_untransformed": [
            0.14361720341315204,
            0.03604978352831527,
            0.46375175741487984,
            0.06024005741318875,
            0.4008496229962524
        ]
    },
    "ncall": 26905,
    "paramnames": [
        "pFat",
        "pLiver",
        "pSlow",
        "kMet",
        "fAbs"
    ],
    "logzerr_single": 0.13739998361457023,
    "insertion_order_MWW_test": {
        "independent_iterations": Infinity,
        "converged": true
    }
}